COMUNE;PROVINCIA;REGIONE;NOME LOCALITA';ABITANTI LOCALITA';QUOTA LOCALITA';ID FEATURE;CODICE LOCALITA'
ALGHERO;SASSARI;Sardegna;ALGHERO;33677;7;348;1001
ALGHERO;SASSARI;Sardegna;FERTILIA;1146;9;346;1002
ALGHERO;SASSARI;Sardegna;GUARDIA GRANDE;10;30;335;2001
ALGHERO;SASSARI;Sardegna;MARISTELLA PORTO CONTE;379;9;344;1003
ALGHERO;SASSARI;Sardegna;PISCHINA SALIDA;17;5;349;1004
ALGHERO;SASSARI;Sardegna;SANTA MARIA LA PALMA;112;34;330;1005
ALGHERO;SASSARI;Sardegna;SA SEGADA;15;20;339;2002
ALGHERO;SASSARI;Sardegna;TRAMARIGLIO;4;5;345;2003
ANELA;SASSARI;Sardegna;ANELA;924;446;375;1001
ARDARA;SASSARI;Sardegna;ARDARA;688;296;338;1001
BANARI;SASSARI;Sardegna;BANARI;756;419;355;1001
BENETUTTI;SASSARI;Sardegna;BENETUTTI;2292;406;373;1001
BENETUTTI;SASSARI;Sardegna;TERME AURORA;0;254;377;2001
BESSUDE;SASSARI;Sardegna;BESSUDE;508;447;358;1001
BONNANARO;SASSARI;Sardegna;BONNANARO;1195;405;361;1001
BONO;SASSARI;Sardegna;BONO;4053;540;380;1001
BONORVA;SASSARI;Sardegna;BONORVA;4512;508;379;1001
BONORVA;SASSARI;Sardegna;SANTA BARBARA;40;475;382;2001
BORUTTA;SASSARI;Sardegna;BORUTTA;366;471;363;1001
BORUTTA;SASSARI;Sardegna;SAN PIETRO DI SORRES;4;524;364;2001
BOTTIDDA;SASSARI;Sardegna;BOTTIDDA;811;396;386;1001
BULTEI;SASSARI;Sardegna;BULTEI;1366;509;372;1001
BULZI;SASSARI;Sardegna;BULZI;676;201;197;1001
BURGOS;SASSARI;Sardegna;BURGOS;1081;561;387;1001
BURGOS;SASSARI;Sardegna;FORESTA BURGOS;22;725;378;2001
CARGEGHE;SASSARI;Sardegna;CARGEGHE;569;333;326;1001
CARGEGHE;SASSARI;Sardegna;STAZIONE DI CAMPOMELA;17;161;321;2001
CASTELSARDO;SASSARI;Sardegna;CASTELSARDO;3972;114;134;1001
CASTELSARDO;SASSARI;Sardegna;LU BAGNU;1001;24;147;1002
CASTELSARDO;SASSARI;Sardegna;MULTEDDU;72;173;160;2001
CASTELSARDO;SASSARI;Sardegna;PEDRA SCIOLTA;46;148;167;2002
CASTELSARDO;SASSARI;Sardegna;PUNTA TRAMONTANA;5;40;174;2003
CASTELSARDO;SASSARI;Sardegna;SAN GIOVANNI;46;199;171;2004
CASTELSARDO;SASSARI;Sardegna;TERRABIANCA;47;124;143;2005
CHEREMULE;SASSARI;Sardegna;CHEREMULE;558;540;367;1001
CHIARAMONTI;SASSARI;Sardegna;CHIARAMONTI;1835;430;292;1001
CODRONGIANOS;SASSARI;Sardegna;CODRONGIANOS;1187;317;331;1001
COSSOINE;SASSARI;Sardegna;COSSOINE;1077;529;376;1001
ESPORLATU;SASSARI;Sardegna;ESPORLATU;485;473;388;1001
FLORINAS;SASSARI;Sardegna;FLORINAS;1635;417;334;1001
GIAVE;SASSARI;Sardegna;GIAVE;747;595;374;1001
ILLORAI;SASSARI;Sardegna;ILLORAI;1144;515;389;1001
ILLORAI;SASSARI;Sardegna;STAZIONE DEL TIRSO;10;218;390;2001
ITTIREDDU;SASSARI;Sardegna;ITTIREDDU;572;313;360;1001
ITTIRI;SASSARI;Sardegna;ITTIRI;9240;400;342;1001
LAERRU;SASSARI;Sardegna;LAERRU;1098;177;229;1001
MARA;SASSARI;Sardegna;MARA;925;257;381;1001
MARTIS;SASSARI;Sardegna;MARTIS;614;300;272;1001
MONTELEONE ROCCA DORIA;SASSARI;Sardegna;MONTELEONE ROCCA DORIA;140;368;370;1001
MORES;SASSARI;Sardegna;MORES;2002;366;359;1001
MUROS;SASSARI;Sardegna;MUROS;670;308;322;1001
MUROS;SASSARI;Sardegna;SCALA DI GIOCCA;78;131;316;2001
NUGHEDU DI SAN NICOLO';SASSARI;Sardegna;NUGHEDU DI SAN NICOLO';1153;577;357;1001
NULE;SASSARI;Sardegna;NULE;1719;650;371;1001
NULVI;SASSARI;Sardegna;NULVI;3073;478;254;1001
OLMEDO;SASSARI;Sardegna;OLMEDO;2480;68;332;1001
OSILO;SASSARI;Sardegna;LUNGO VALLE;14;182;251;2001
OSILO;SASSARI;Sardegna;OSILO;3447;615;297;1001
OSILO;SASSARI;Sardegna;PIRASTREDDU;90;75;242;2002
OSILO;SASSARI;Sardegna;SAN LORENZO;123;281;256;1002
OSILO;SASSARI;Sardegna;SANTA VITTORIA;125;445;278;2003
OSSI;SASSARI;Sardegna;OSSI;5398;335;323;1001
OZIERI;SASSARI;Sardegna;CHILIVANI;426;226;340;1001
OZIERI;SASSARI;Sardegna;FRAIGAS;44;203;337;2001
OZIERI;SASSARI;Sardegna;OZIERI;8849;390;343;1002
OZIERI;SASSARI;Sardegna;SAN NICOLA;1302;226;341;1003
PADRIA;SASSARI;Sardegna;PADRIA;918;304;385;1001
PATTADA;SASSARI;Sardegna;BANTINE;126;637;352;2001
PATTADA;SASSARI;Sardegna;PATTADA;3541;778;350;1001
PERFUGAS;SASSARI;Sardegna;CAMPUDULIMU;37;305;232;2001
PERFUGAS;SASSARI;Sardegna;FALZITTU;26;321;223;2002
PERFUGAS;SASSARI;Sardegna;LITTU EREDE;10;213;207;2003
PERFUGAS;SASSARI;Sardegna;LUMBALDU;76;372;228;2004
PERFUGAS;SASSARI;Sardegna;MODDITONALZA;53;204;236;2005
PERFUGAS;SASSARI;Sardegna;PERFUGAS;2034;92;213;1001
PERFUGAS;SASSARI;Sardegna;SA CONTRA;57;142;192;2006
PERFUGAS;SASSARI;Sardegna;SAS CONTREDDAS;39;81;199;2007
PERFUGAS;SASSARI;Sardegna;SAS TANCHITTAS;62;265;217;2008
PLOAGHE;SASSARI;Sardegna;PLOAGHE;4832;425;325;1001
PORTO TORRES;SASSARI;Sardegna;CALA D'OLIVA;137;15;66;1002
PORTO TORRES;SASSARI;Sardegna;LA REALE;2;16;73;2001
PORTO TORRES;SASSARI;Sardegna;PORTO TORRES;20600;5;203;1001
POZZOMAGGIORE;SASSARI;Sardegna;POZZOMAGGIORE;3266;438;383;1001
PUTIFIGARI;SASSARI;Sardegna;PUTIFIGARI;721;267;356;1001
ROMANA;SASSARI;Sardegna;ROMANA;686;267;368;1001
SASSARI;SASSARI;Sardegna;ARGENTIERA;85;42;296;2001
SASSARI;SASSARI;Sardegna;BANCALI;530;92;299;1001
SASSARI;SASSARI;Sardegna;BANCALI II;118;85;302;2002
SASSARI;SASSARI;Sardegna;BARATZ;13;47;327;2003
SASSARI;SASSARI;Sardegna;BIANCAREDDU;109;93;241;1002
SASSARI;SASSARI;Sardegna;BONASSAI;18;40;324;2004
SASSARI;SASSARI;Sardegna;CAFFE'ROMA;66;159;311;2005
SASSARI;SASSARI;Sardegna;CAMPANEDDA;56;69;285;1003
SASSARI;SASSARI;Sardegna;CANAGLIA;28;125;258;2006
SASSARI;SASSARI;Sardegna;FILIGHEDDU;135;400;290;2007
SASSARI;SASSARI;Sardegna;LA CORTE;145;89;300;1004
SASSARI;SASSARI;Sardegna;LA LACUNA;31;117;293;2008
SASSARI;SASSARI;Sardegna;LA LANDRIGGA;171;140;306;1005
SASSARI;SASSARI;Sardegna;LA MUNTAGNA;22;175;275;2009
SASSARI;SASSARI;Sardegna;LA PEDRAIA;109;187;268;2010
SASSARI;SASSARI;Sardegna;LE QUERCE;57;350;309;2011
SASSARI;SASSARI;Sardegna;LI PUNTI;4381;121;288;1006
SASSARI;SASSARI;Sardegna;MANDRA DI L'AINU;104;150;314;2012
SASSARI;SASSARI;Sardegna;MONTE CASTEDDU;37;80;294;2013
SASSARI;SASSARI;Sardegna;MONTE FORTE;135;108;298;2014
SASSARI;SASSARI;Sardegna;MONTE ORO;141;210;305;2015
SASSARI;SASSARI;Sardegna;OTTAVA;872;83;261;1007
SASSARI;SASSARI;Sardegna;PALMADULA;235;144;291;1008
SASSARI;SASSARI;Sardegna;PIAN DE SORRES;98;50;263;1009
SASSARI;SASSARI;Sardegna;PLATAMONA;30;11;226;1010
SASSARI;SASSARI;Sardegna;RUMANEDDA;461;53;318;1011
SASSARI;SASSARI;Sardegna;SACCHEDDU;52;60;304;2016
SASSARI;SASSARI;Sardegna;SAN CAMILLO;37;205;284;2017
SASSARI;SASSARI;Sardegna;SAN GIOVANNI;988;93;281;1012
SASSARI;SASSARI;Sardegna;SAN QUIRICO;43;90;282;2018
SASSARI;SASSARI;Sardegna;SANTA GIUSTA;22;78;240;2019
SASSARI;SASSARI;Sardegna;SASSARI;98762;225;289;1013
SASSARI;SASSARI;Sardegna;TRUNCU REALE;97;82;286;2020
SASSARI;SASSARI;Sardegna;VILLA GORIZIA;111;102;276;1014
SASSARI;SASSARI;Sardegna;VIZILIU;58;102;295;2021
SASSARI;SASSARI;Sardegna;ZUARI;164;115;287;1015
SEDINI;SASSARI;Sardegna;LITTIGHEDDU;43;411;179;2001
SEDINI;SASSARI;Sardegna;SEDINI;1439;306;194;1001
SEMESTENE;SASSARI;Sardegna;SEMESTENE;296;405;384;1001
SENNORI;SASSARI;Sardegna;SENNORI;7171;277;248;1001
SILIGO;SASSARI;Sardegna;BINZAMANNA;42;328;354;2001
SILIGO;SASSARI;Sardegna;S'ASPRU;0;331;347;2002
SILIGO;SASSARI;Sardegna;SILIGO;1073;406;353;1001
SORSO;SASSARI;Sardegna;ARBORIAMAR;42;18;221;2001
SORSO;SASSARI;Sardegna;CENTRO COMMERCIALE;283;7;225;1001
SORSO;SASSARI;Sardegna;EDEN BEACH;64;12;205;2002
SORSO;SASSARI;Sardegna;MARRITZA;15;11;195;2003
SORSO;SASSARI;Sardegna;PLATAMONA;26;7;227;1002
SORSO;SASSARI;Sardegna;SAN MICHELE;62;87;249;2004
SORSO;SASSARI;Sardegna;SERRALONGA;151;15;234;2005
SORSO;SASSARI;Sardegna;SORSO;12023;136;239;1003
SORSO;SASSARI;Sardegna;TANIGA-MALAFEDE;12;148;270;2006
SORSO;SASSARI;Sardegna;TERRADA;44;0;257;2007
SORSO;SASSARI;Sardegna;TONNARA;34;7;187;2008
SORSO;SASSARI;Sardegna;TRUNCONI;46;0;250;2009
THIESI;SASSARI;Sardegna;THIESI;3343;461;362;1001
TISSI;SASSARI;Sardegna;TISSI;1478;225;320;1001
TORRALBA;SASSARI;Sardegna;SCALO FERROVIARIO;22;354;369;2001
TORRALBA;SASSARI;Sardegna;TORRALBA;1065;430;365;1001
TULA;SASSARI;Sardegna;SA SIA;14;557;252;2001
TULA;SASSARI;Sardegna;SOS SALICEDDOS;26;556;262;2002
TULA;SASSARI;Sardegna;SU MONTIJU;12;372;271;2003
TULA;SASSARI;Sardegna;TULA;1615;275;301;1001
URI;SASSARI;Sardegna;URI;2956;150;336;1001
USINI;SASSARI;Sardegna;USINI;3547;200;328;1001
VILLANOVA MONTELEONE;SASSARI;Sardegna;VILLANOVA MONTELEONE;2766;567;366;1001
VALLEDORIA;SASSARI;Sardegna;CODARUINA;2526;16;123;1001
VALLEDORIA;SASSARI;Sardegna;LA CIACCIA;257;20;133;1002
VALLEDORIA;SASSARI;Sardegna;LA MUDDIZZA;697;76;138;1003
VALLEDORIA;SASSARI;Sardegna;MARAGNANI;21;0;128;2001
VALLEDORIA;SASSARI;Sardegna;SAN PIETRO A MARE;9;0;125;2002
VIDDALBA;SASSARI;Sardegna;GIAGAZZU;20;490;148;2001
VIDDALBA;SASSARI;Sardegna;GIUNCANA;120;286;159;1001
VIDDALBA;SASSARI;Sardegna;L'AVRU;21;438;140;2002
VIDDALBA;SASSARI;Sardegna;LI RENI;18;87;122;2003
VIDDALBA;SASSARI;Sardegna;TUNGONI;66;290;130;2004
VIDDALBA;SASSARI;Sardegna;VIDDALBA;1525;30;131;1002
TERGU;SASSARI;Sardegna;BACHILE CORTE;32;316;196;2001
TERGU;SASSARI;Sardegna;CALDEDDU;42;275;180;2002
TERGU;SASSARI;Sardegna;PULPAGGIU;156;310;193;1001
TERGU;SASSARI;Sardegna;TERGU;259;280;181;1002
SANTA MARIA COGHINAS;SASSARI;Sardegna;BURONI;28;144;168;2001
SANTA MARIA COGHINAS;SASSARI;Sardegna;CASTELDORIA;1;105;158;2002
SANTA MARIA COGHINAS;SASSARI;Sardegna;ISOLANA;18;102;172;2003
SANTA MARIA COGHINAS;SASSARI;Sardegna;LA SCALITTA;43;79;154;2004
SANTA MARIA COGHINAS;SASSARI;Sardegna;LONGAREDDU;41;24;146;2005
SANTA MARIA COGHINAS;SASSARI;Sardegna;SANTA MARIA COGHINAS;1315;21;149;1001
ERULA;SASSARI;Sardegna;CABRANA;45;407;277;2001
ERULA;SASSARI;Sardegna;ERULA;428;457;247;1001
ERULA;SASSARI;Sardegna;SA INISTRA;25;367;246;2002
ERULA;SASSARI;Sardegna;SA MELA;134;437;245;2003
ERULA;SASSARI;Sardegna;SAN GIUSEPPE;21;370;283;2004
ERULA;SASSARI;Sardegna;TETTILE;41;344;265;2005
STINTINO;SASSARI;Sardegna;LE VELE;90;12;113;1001
STINTINO;SASSARI;Sardegna;NODIGHEDDU;18;12;178;2001
STINTINO;SASSARI;Sardegna;PISCHINA SALIDDA;4;3;124;2002
STINTINO;SASSARI;Sardegna;POZZO SAN NICOLA;134;35;212;1002
STINTINO;SASSARI;Sardegna;ROCCA RUJA;37;11;103;1003
STINTINO;SASSARI;Sardegna;STINTINO;735;9;114;1004
STINTINO;SASSARI;Sardegna;TONNARA SALINE;11;2;135;2003
ARITZO;NUORO;Sardegna;ARITZO;1676;796;683;1001
ATZARA;NUORO;Sardegna;ATZARA;1322;540;675;1001
AUSTIS;NUORO;Sardegna;AUSTIS;1046;737;663;1001
BELVI';NUORO;Sardegna;BELVI';803;660;682;1001
BIRORI;NUORO;Sardegna;BIRORI;545;464;641;1001
BITTI;NUORO;Sardegna;BITTI;3920;548;596;1001
BOLOTANA;NUORO;Sardegna;BADDE SALIGHES;0;955;611;2001
BOLOTANA;NUORO;Sardegna;BARDOSU;35;256;622;2002
BOLOTANA;NUORO;Sardegna;BOLOTANA;3390;472;613;1001
BOLOTANA;NUORO;Sardegna;SANTA MARIA 'E SACCU;0;845;610;2003
BOLOTANA;NUORO;Sardegna;SA TANCA ' E SA IDDA;34;263;619;2004
BOLOTANA;NUORO;Sardegna;S'ISTAZIONE;6;284;617;2005
BOLOTANA;NUORO;Sardegna;ZIU ZOLO;148;312;616;2006
BORORE;NUORO;Sardegna;BORORE;2523;394;650;1001
BORTIGALI;NUORO;Sardegna;BORTIGALI;1635;505;631;1001
BORTIGALI;NUORO;Sardegna;MULARGIA;88;700;626;1002
DESULO;NUORO;Sardegna;DESULO;3213;888;672;1001
DORGALI;NUORO;Sardegna;CALA GONONE;905;23;630;1001
DORGALI;NUORO;Sardegna;DORGALI;7114;390;625;1002
DUALCHI;NUORO;Sardegna;DUALCHI;817;321;648;1001
FONNI;NUORO;Sardegna;FONNI;4638;1000;659;1001
GADONI;NUORO;Sardegna;GADONI;1148;696;690;1001
GALTELLI';NUORO;Sardegna;GALTELLI';2220;35;606;1001
GAVOI;NUORO;Sardegna;GAVOI;3008;790;655;1001
IRGOLI;NUORO;Sardegna;IRGOLI;2221;26;601;1001
LEI;NUORO;Sardegna;LEI;696;456;620;1001
LOCULI;NUORO;Sardegna;LOCULI;553;27;605;1001
LODE';NUORO;Sardegna;LODE';2424;345;580;1001
LODE';NUORO;Sardegna;SANT'ANNA (Lodè);1;647;582;2002
LULA;NUORO;Sardegna;LULA;1785;516;597;1001
MACOMER;NUORO;Sardegna;MACOMER;11354;563;638;1001
MAMOIADA;NUORO;Sardegna;MAMOIADA;2632;644;651;1001
MEANA SARDO;NUORO;Sardegna;MEANA SARDO;2157;588;686;1001
NORAGUGUME;NUORO;Sardegna;NORAGUGUME;424;288;649;1001
NUORO;NUORO;Sardegna;LOLLOVE;21;384;609;2001
NUORO;NUORO;Sardegna;NOSTRA SIGNORA DE SU MONTE;17;907;615;2002
NUORO;NUORO;Sardegna;NUORO;37218;549;612;1001
NUORO;NUORO;Sardegna;PREDAS ARBAS;117;539;621;2003
NUORO;NUORO;Sardegna;STAZIONE DI PRATO SARDO;39;496;614;2004
OLIENA;NUORO;Sardegna;OLIENA;7697;379;629;1001
OLLOLAI;NUORO;Sardegna;OLLOLAI;1797;920;654;1001
OLZAI;NUORO;Sardegna;OLZAI;1154;428;653;1001
ONANI';NUORO;Sardegna;MAMONE;51;860;588;1001
ONANI';NUORO;Sardegna;ONANI';488;482;595;1002
ONIFAI;NUORO;Sardegna;ONIFAI;736;29;604;1001
ONIFERI;NUORO;Sardegna;ONIFERI;925;478;635;1001
ONIFERI;NUORO;Sardegna;SOS EREMOS;72;439;634;2001
ORANI;NUORO;Sardegna;ORANI;3175;521;645;1001
ORGOSOLO;NUORO;Sardegna;ORGOSOLO;4768;620;652;1001
OROSEI;NUORO;Sardegna;CALA LIBEROTTO;158;6;598;1001
OROSEI;NUORO;Sardegna;OROSEI;4833;19;607;1002
OROSEI;NUORO;Sardegna;SAS LINNAS SICCAS;15;13;600;1003
OROSEI;NUORO;Sardegna;SOS ALINOS;179;7;599;1004
OROTELLI;NUORO;Sardegna;OROTELLI;2478;406;618;1001
ORTUERI;NUORO;Sardegna;ORTUERI;1597;585;668;1001
ORUNE;NUORO;Sardegna;ORUNE;3134;750;602;1001
ORUNE;NUORO;Sardegna;SU PRADU;127;870;603;2001
OSIDDA;NUORO;Sardegna;OSIDDA;299;650;593;1001
OTTANA;NUORO;Sardegna;OTTANA;2524;185;646;1001
OVODDA;NUORO;Sardegna;OVODDA;1754;710;661;1001
OVODDA;NUORO;Sardegna;TALORO;0;383;658;2001
POSADA;NUORO;Sardegna;MONTE LONGU;112;10;577;2001
POSADA;NUORO;Sardegna;POSADA;1625;22;574;1001
POSADA;NUORO;Sardegna;SAN GIOVANNI;133;3;576;1002
POSADA;NUORO;Sardegna;SAS MURTAS;140;39;570;1003
SARULE;NUORO;Sardegna;SARULE;2016;626;647;1001
SILANUS;NUORO;Sardegna;SILANUS;2514;432;628;1001
SINDIA;NUORO;Sardegna;SINDIA;2233;510;624;1001
SINISCOLA;NUORO;Sardegna;BERCHIDDA;42;25;594;2001
SINISCOLA;NUORO;Sardegna;CAPO COMINO;93;24;591;1001
SINISCOLA;NUORO;Sardegna;CUCCURU E IANA;120;34;581;2002
SINISCOLA;NUORO;Sardegna;ENA SA CHITTA-SU TILIO';107;11;589;2003
SINISCOLA;NUORO;Sardegna;ISCRA E VOES;40;25;585;2004
SINISCOLA;NUORO;Sardegna;LA CALETTA;1269;3;578;1002
SINISCOLA;NUORO;Sardegna;MURTAS ARTAS;38;68;592;2005
SINISCOLA;NUORO;Sardegna;SANTA LUCIA;193;3;586;1003
SINISCOLA;NUORO;Sardegna;SINISCOLA;7948;39;587;1004
SINISCOLA;NUORO;Sardegna;SU PRANU;131;6;579;2006
SINISCOLA;NUORO;Sardegna;TANCA ALTARA;23;76;590;2007
SORGONO;NUORO;Sardegna;SORGONO;2036;688;669;1001
TETI;NUORO;Sardegna;TETI;866;714;660;1001
TIANA;NUORO;Sardegna;TIANA;604;564;664;1001
TONARA;NUORO;Sardegna;STAZIONE DI DESULO-TONARA;6;579;677;2001
TONARA;NUORO;Sardegna;TELISERI;88;796;671;2002
TONARA;NUORO;Sardegna;TONARA;2424;900;670;1001
TORPE';NUORO;Sardegna;BRUNELLA;257;178;561;1001
TORPE';NUORO;Sardegna;CONCAS;39;143;573;2001
TORPE';NUORO;Sardegna;SU COSSU;89;348;571;2002
TORPE';NUORO;Sardegna;TALAVA';168;194;568;1002
TORPE';NUORO;Sardegna;TORPE';2015;24;575;1003
LODINE;NUORO;Sardegna;LODINE;352;884;657;1001
ARMUNGIA;CAGLIARI;Sardegna;ARMUNGIA;668;366;788;1001
ASSEMINI;CAGLIARI;Sardegna;ASSEMINI;19690;6;857;1001
ASSEMINI;CAGLIARI;Sardegna;ASSEMINI;19690;6;857;1001
ASSEMINI;CAGLIARI;Sardegna;MACCHIAREDDU;44;4;923;2001
ASSEMINI;CAGLIARI;Sardegna;MACCHIAREDDU;44;4;923;2001
ASSEMINI;CAGLIARI;Sardegna;SANT'ANDREA;28;12;869;2002
ASSEMINI;CAGLIARI;Sardegna;SANT'ANDREA;28;12;869;2002
ASSEMINI;CAGLIARI;Sardegna;SA TRAIA;28;13;872;2003
ASSEMINI;CAGLIARI;Sardegna;SA TRAIA;28;13;872;2003
ASSEMINI;CAGLIARI;Sardegna;SU CARROPPU;31;7;858;2004
ASSEMINI;CAGLIARI;Sardegna;SU CARROPPU;31;7;858;2004
ASSEMINI;CAGLIARI;Sardegna;SU SPINECU;18;11;876;2005
ASSEMINI;CAGLIARI;Sardegna;SU SPINECU;18;11;876;2005
ASSEMINI;CAGLIARI;Sardegna;TERRASILI;15;3;886;2006
ASSEMINI;CAGLIARI;Sardegna;TERRASILI;15;3;886;2006
ASSEMINI;CAGLIARI;Sardegna;TRUNCU IS FOLLAS;209;18;885;2007
ASSEMINI;CAGLIARI;Sardegna;TRUNCU IS FOLLAS;209;18;885;2007
BALLAO;CAGLIARI;Sardegna;BALLAO;1086;90;779;1001
BARRALI;CAGLIARI;Sardegna;BARRALI;960;140;802;1001
BURCEI;CAGLIARI;Sardegna;BURCEI;2996;648;832;1001
CAGLIARI;CAGLIARI;Sardegna;CAGLIARI;203650;6;894;1001
CAGLIARI;CAGLIARI;Sardegna;CAGLIARI;203650;6;894;1001
CAGLIARI;CAGLIARI;Sardegna;CAGLIARI;203650;6;894;1001
CAGLIARI;CAGLIARI;Sardegna;FARO SANT'ELIA;12;54;952;2001
CAGLIARI;CAGLIARI;Sardegna;FARO SANT'ELIA;12;54;952;2001
CAGLIARI;CAGLIARI;Sardegna;FARO SANT'ELIA;12;54;952;2001
CAGLIARI;CAGLIARI;Sardegna;MEDAU SU CRAMU;248;3;933;2002
CAGLIARI;CAGLIARI;Sardegna;MEDAU SU CRAMU;248;3;933;2002
CAGLIARI;CAGLIARI;Sardegna;MEDAU SU CRAMU;248;3;933;2002
CAPOTERRA;CAGLIARI;Sardegna;CAPOTERRA;9614;54;954;1001
CAPOTERRA;CAGLIARI;Sardegna;CAPOTERRA;9614;54;954;1001
CAPOTERRA;CAGLIARI;Sardegna;LA MADDALENA;4298;2;994;1002
CAPOTERRA;CAGLIARI;Sardegna;LA MADDALENA;4298;2;994;1002
CAPOTERRA;CAGLIARI;Sardegna;POGGIO DEI PINI;1767;64;990;1003
CAPOTERRA;CAGLIARI;Sardegna;POGGIO DEI PINI;1767;64;990;1003
DECIMOMANNU;CAGLIARI;Sardegna;DECIMOMANNU;5702;10;843;1001
DECIMOMANNU;CAGLIARI;Sardegna;DECIMOMANNU;5702;10;843;1001
DECIMOMANNU;CAGLIARI;Sardegna;IS ORRUS;49;236;841;2001
DECIMOMANNU;CAGLIARI;Sardegna;IS ORRUS;49;236;841;2001
DECIMOMANNU;CAGLIARI;Sardegna;SU MERIAGU;39;16;839;2002
DECIMOMANNU;CAGLIARI;Sardegna;SU MERIAGU;39;16;839;2002
DECIMOMANNU;CAGLIARI;Sardegna;VILLAGGIO AZZURRO 1;112;11;846;2003
DECIMOMANNU;CAGLIARI;Sardegna;VILLAGGIO AZZURRO 1;112;11;846;2003
DECIMOMANNU;CAGLIARI;Sardegna;VILLAGGIO AZZURRO 2;72;11;845;2004
DECIMOMANNU;CAGLIARI;Sardegna;VILLAGGIO AZZURRO 2;72;11;845;2004
DECIMOPUTZU;CAGLIARI;Sardegna;DECIMOPUTZU;3888;17;833;1001
DOLIANOVA;CAGLIARI;Sardegna;DOLIANOVA;7576;212;823;1001
DOMUS DE MARIA;CAGLIARI;Sardegna;CHIA;233;13;1123;1001
DOMUS DE MARIA;CAGLIARI;Sardegna;DOMUS DE MARIA;1027;66;1121;1002
DOMUS DE MARIA;CAGLIARI;Sardegna;EDEN ROCK;3;122;1122;1003
DOMUS DE MARIA;CAGLIARI;Sardegna;SETTI BALLAS;4;0;1124;2001
DONORI';CAGLIARI;Sardegna;DONORI';1901;142;813;1001
DONORI';CAGLIARI;Sardegna;STAZIONE FERROVIARIA;11;141;815;2001
GESICO;CAGLIARI;Sardegna;GESICO;1019;300;759;1001
GONI;CAGLIARI;Sardegna;GONI;560;383;765;1001
GUAMAGGIORE;CAGLIARI;Sardegna;GUAMAGGIORE;1112;199;768;1001
GUASILA;CAGLIARI;Sardegna;GUASILA;3008;211;772;1001
MANDAS;CAGLIARI;Sardegna;MANDAS;2641;457;750;1001
MARACALAGONIS;CAGLIARI;Sardegna;BACCU CURZU;9;95;898;2001
MARACALAGONIS;CAGLIARI;Sardegna;BACCU CURZU;9;95;898;2001
MARACALAGONIS;CAGLIARI;Sardegna;IS PIRICOCUS;31;200;880;2002
MARACALAGONIS;CAGLIARI;Sardegna;IS PIRICOCUS;31;200;880;2002
MARACALAGONIS;CAGLIARI;Sardegna;MARACALAGONIS;5739;86;871;1001
MARACALAGONIS;CAGLIARI;Sardegna;MARACALAGONIS;5739;86;871;1001
MARACALAGONIS;CAGLIARI;Sardegna;MONTI NIEDDU;20;135;888;2003
MARACALAGONIS;CAGLIARI;Sardegna;MONTI NIEDDU;20;135;888;2003
MARACALAGONIS;CAGLIARI;Sardegna;TORRE DELLE STELLE;56;86;968;1002
MARACALAGONIS;CAGLIARI;Sardegna;TORRE DELLE STELLE;56;86;968;1002
MARACALAGONIS;CAGLIARI;Sardegna;VILLAGGIO DEI GIGLI;35;100;892;2004
MARACALAGONIS;CAGLIARI;Sardegna;VILLAGGIO DEI GIGLI;35;100;892;2004
MONASTIR;CAGLIARI;Sardegna;MONASTIR;4363;83;820;1001
MURAVERA;CAGLIARI;Sardegna;CAPOFERRATO;22;8;861;2002
MURAVERA;CAGLIARI;Sardegna;MONTE NAI;80;4;896;1002
MURAVERA;CAGLIARI;Sardegna;MURAVERA;4030;11;816;1003
NURAMINIS;CAGLIARI;Sardegna;NURAMINIS;2857;93;808;1001
NURAMINIS;CAGLIARI;Sardegna;VILLAGRECA;255;102;804;1002
ORTACESUS;CAGLIARI;Sardegna;ORTACESUS;907;162;783;1001
PIMENTEL;CAGLIARI;Sardegna;PIMENTEL;1199;154;797;1001
PULA;CAGLIARI;Sardegna;FOX'E SALI-MONTE AGUMU;47;5;1116;2001
PULA;CAGLIARI;Sardegna;FOX'E SALI-MONTE AGUMU;47;5;1116;2001
PULA;CAGLIARI;Sardegna;IS MOLAS;267;34;1105;2002
PULA;CAGLIARI;Sardegna;IS MOLAS;267;34;1105;2002
PULA;CAGLIARI;Sardegna;PULA;4204;15;1098;1001
PULA;CAGLIARI;Sardegna;PULA;4204;15;1098;1001
PULA;CAGLIARI;Sardegna;SANTA MARGHERITA DI PULA;85;6;1120;1002
PULA;CAGLIARI;Sardegna;SANTA MARGHERITA DI PULA;85;6;1120;1002
PULA;CAGLIARI;Sardegna;SU GUVENTEDDU;59;2;1108;2003
PULA;CAGLIARI;Sardegna;SU GUVENTEDDU;59;2;1108;2003
QUARTU SANT'ELENA;CAGLIARI;Sardegna;GEREMEAS;20;8;955;1001
QUARTU SANT'ELENA;CAGLIARI;Sardegna;GEREMEAS;20;8;955;1001
QUARTU SANT'ELENA;CAGLIARI;Sardegna;QUARTU SANT'ELENA;60618;6;906;1002
QUARTU SANT'ELENA;CAGLIARI;Sardegna;QUARTU SANT'ELENA;60618;6;906;1002
SAMATZAI;CAGLIARI;Sardegna;SAMATZAI;1693;162;800;1001
SAN BASILIO;CAGLIARI;Sardegna;SAN BASILIO;1459;420;782;1001
SAN NICOLO' GERREI;CAGLIARI;Sardegna;SAN NICOLO'GERREI;1027;365;794;1001
SAN SPERATE;CAGLIARI;Sardegna;SAN SPERATE;6150;41;827;1001
SANT'ANDREA FRIUS;CAGLIARI;Sardegna;SANT'ANDREA FRIUS;1820;300;801;1001
SAN VITO;CAGLIARI;Sardegna;SAN PRIAMO;115;9;829;1001
SAN VITO;CAGLIARI;Sardegna;SAN VITO;3645;13;807;1002
SAN VITO;CAGLIARI;Sardegna;TUERRA I;48;15;836;2001
SAN VITO;CAGLIARI;Sardegna;TUERRA II;26;15;834;2002
SARROCH;CAGLIARI;Sardegna;FORADA IS OLIAS;67;55;1073;2001
SARROCH;CAGLIARI;Sardegna;FORADA IS OLIAS;67;55;1073;2001
SARROCH;CAGLIARI;Sardegna;GENNIAURI;51;71;1074;2002
SARROCH;CAGLIARI;Sardegna;GENNIAURI;51;71;1074;2002
SARROCH;CAGLIARI;Sardegna;MONTE ARRUBIU;184;102;1077;2003
SARROCH;CAGLIARI;Sardegna;MONTE ARRUBIU;184;102;1077;2003
SARROCH;CAGLIARI;Sardegna;PORTO COLUMBU-PERD'E'SALI;179;6;1086;1001
SARROCH;CAGLIARI;Sardegna;PORTO COLUMBU-PERD'E'SALI;179;6;1086;1001
SARROCH;CAGLIARI;Sardegna;SARROCH;4534;47;1072;1002
SARROCH;CAGLIARI;Sardegna;SARROCH;4534;47;1072;1002
SARROCH;CAGLIARI;Sardegna;SPAGNOLU;84;30;1078;2004
SARROCH;CAGLIARI;Sardegna;SPAGNOLU;84;30;1078;2004
SARROCH;CAGLIARI;Sardegna;VILLA D'ORRI;39;10;1035;2005
SARROCH;CAGLIARI;Sardegna;VILLA D'ORRI;39;10;1035;2005
SELARGIUS;CAGLIARI;Sardegna;SELARGIUS;19922;11;900;1001
SELARGIUS;CAGLIARI;Sardegna;SELARGIUS;19922;11;900;1001
SELARGIUS;CAGLIARI;Sardegna;SU PLANU;2681;51;904;1002
SELARGIUS;CAGLIARI;Sardegna;SU PLANU;2681;51;904;1002
SELEGAS;CAGLIARI;Sardegna;SELEGAS;1322;234;767;1001
SELEGAS;CAGLIARI;Sardegna;SEUNI;184;340;764;1002
SENORBI';CAGLIARI;Sardegna;ARIXI;387;199;784;1001
SENORBI';CAGLIARI;Sardegna;SENORBI';3580;199;781;1002
SENORBI';CAGLIARI;Sardegna;SISINI;153;265;773;1003
SERDIANA;CAGLIARI;Sardegna;SERDIANA;2075;171;825;1001
SESTU;CAGLIARI;Sardegna;SESTU;11498;44;849;1001
SESTU;CAGLIARI;Sardegna;SESTU;11498;44;849;1001
SETTIMO SAN PIETRO;CAGLIARI;Sardegna;SETTIMO SAN PIETRO;5425;70;865;1001
SETTIMO SAN PIETRO;CAGLIARI;Sardegna;SETTIMO SAN PIETRO;5425;70;865;1001
SILIQUA;CAGLIARI;Sardegna;SILIQUA;4064;66;856;1001
SILIUS;CAGLIARI;Sardegna;SILIUS;1368;565;789;1001
SINNAI;CAGLIARI;Sardegna;CUILI MURVONI;21;39;986;2006
SINNAI;CAGLIARI;Sardegna;CUILI MURVONI;21;39;986;2006
SINNAI;CAGLIARI;Sardegna;MONTE CRESIA;0;651;877;2001
SINNAI;CAGLIARI;Sardegna;MONTE CRESIA;0;651;877;2001
SINNAI;CAGLIARI;Sardegna;SAN BASILIO;16;123;874;2002
SINNAI;CAGLIARI;Sardegna;SAN BASILIO;16;123;874;2002
SINNAI;CAGLIARI;Sardegna;SAN GREGORIO;48;264;853;1001
SINNAI;CAGLIARI;Sardegna;SAN GREGORIO;48;264;853;1001
SINNAI;CAGLIARI;Sardegna;SAN PAOLO;29;200;868;2003
SINNAI;CAGLIARI;Sardegna;SAN PAOLO;29;200;868;2003
SINNAI;CAGLIARI;Sardegna;SINNAI;12673;134;848;1002
SINNAI;CAGLIARI;Sardegna;SINNAI;12673;134;848;1002
SINNAI;CAGLIARI;Sardegna;SOLANAS;93;26;1004;1003
SINNAI;CAGLIARI;Sardegna;SOLANAS;93;26;1004;1003
SINNAI;CAGLIARI;Sardegna;TASONIS;111;158;847;2004
SINNAI;CAGLIARI;Sardegna;TASONIS;111;158;847;2004
SINNAI;CAGLIARI;Sardegna;TORRE DELLE STELLE;1;30;992;1004
SINNAI;CAGLIARI;Sardegna;TORRE DELLE STELLE;1;30;992;1004
SINNAI;CAGLIARI;Sardegna;VILLAGGIO DELLE MIMOSE;20;203;873;2005
SINNAI;CAGLIARI;Sardegna;VILLAGGIO DELLE MIMOSE;20;203;873;2005
SIURGUS DONIGALA;CAGLIARI;Sardegna;SIURGUS DONIGALA;2190;452;761;1001
SOLEMINIS;CAGLIARI;Sardegna;SOLEMINIS;1277;200;831;1001
SUELLI;CAGLIARI;Sardegna;SUELLI;1189;254;775;1001
TEULADA;CAGLIARI;Sardegna;GENNIOMUS;18;158;1080;2001
TEULADA;CAGLIARI;Sardegna;GUTTURU SAIDU;89;109;1102;2002
TEULADA;CAGLIARI;Sardegna;IS CARILLUS;24;158;1093;2003
TEULADA;CAGLIARI;Sardegna;PERDAIOLA;20;192;1094;2004
TEULADA;CAGLIARI;Sardegna;SA PORTEDDA;303;87;1113;1001
TEULADA;CAGLIARI;Sardegna;SU DE IS SEIS;35;141;1099;2005
TEULADA;CAGLIARI;Sardegna;SU FONNESU;30;200;1091;2006
TEULADA;CAGLIARI;Sardegna;TEULADA;4011;50;1117;1002
USSANA;CAGLIARI;Sardegna;USSANA;3539;97;819;1001
UTA;CAGLIARI;Sardegna;BASCUS ARGIUS;101;9;859;2001
UTA;CAGLIARI;Sardegna;BASCUS ARGIUS;101;9;859;2001
UTA;CAGLIARI;Sardegna;IS PERRIZZONIS;59;12;867;2002
UTA;CAGLIARI;Sardegna;IS PERRIZZONIS;59;12;867;2002
UTA;CAGLIARI;Sardegna;IS PRUXINEDDAS;47;8;870;2003
UTA;CAGLIARI;Sardegna;IS PRUXINEDDAS;47;8;870;2003
UTA;CAGLIARI;Sardegna;SANTA PORADA;47;12;862;2004
UTA;CAGLIARI;Sardegna;SANTA PORADA;47;12;862;2004
UTA;CAGLIARI;Sardegna;UTA;5766;6;863;1001
UTA;CAGLIARI;Sardegna;UTA;5766;6;863;1001
VALLERMOSA;CAGLIARI;Sardegna;VALLERMOSA;1892;70;826;1001
VILLAPUTZU;CAGLIARI;Sardegna;PORTO TRAMATZU;8;6;805;2001
VILLAPUTZU;CAGLIARI;Sardegna;SANTA MARIA;484;35;812;1001
VILLAPUTZU;CAGLIARI;Sardegna;VILLAPUTZU;4434;8;809;1002
VILLASALTO;CAGLIARI;Sardegna;VILLASALTO;1535;502;796;1001
VILLA SAN PIETRO;CAGLIARI;Sardegna;VILLA SAN PIETRO;1350;37;1082;1001
VILLA SAN PIETRO;CAGLIARI;Sardegna;VILLA SAN PIETRO;1350;37;1082;1001
VILLASIMIUS;CAGLIARI;Sardegna;CALA CATERINA;13;14;1036;2001
VILLASIMIUS;CAGLIARI;Sardegna;CAMPULONGU;3;4;1007;2002
VILLASIMIUS;CAGLIARI;Sardegna;NOTTERI;17;20;1011;1001
VILLASIMIUS;CAGLIARI;Sardegna;PORTO SA RUXI;13;25;1009;2003
VILLASIMIUS;CAGLIARI;Sardegna;SIMIUS;33;20;1006;1002
VILLASIMIUS;CAGLIARI;Sardegna;TANCA SU CORDOLINO;5;14;999;2004
VILLASIMIUS;CAGLIARI;Sardegna;VILLAGGIO MANDORLI;9;5;1002;2005
VILLASIMIUS;CAGLIARI;Sardegna;VILLASIMIUS;2435;41;997;1003
VILLASOR;CAGLIARI;Sardegna;AEROPORTO;132;25;830;2001
VILLASOR;CAGLIARI;Sardegna;STAZIONE ENEL;17;25;822;2002
VILLASOR;CAGLIARI;Sardegna;VILLASOR;7028;25;821;1001
VILLASPECIOSA;CAGLIARI;Sardegna;VILLASPECIOSA;1664;12;844;1001
QUARTUCCIU;CAGLIARI;Sardegna;IS PISUS-IS CONCIAS;55;39;908;2002
QUARTUCCIU;CAGLIARI;Sardegna;IS PISUS-IS CONCIAS;55;39;908;2002
QUARTUCCIU;CAGLIARI;Sardegna;QUARTUCCIU;9125;16;902;1001
QUARTUCCIU;CAGLIARI;Sardegna;QUARTUCCIU;9125;16;902;1001
QUARTUCCIU;CAGLIARI;Sardegna;SANT'ISIDORO;87;47;911;2003
QUARTUCCIU;CAGLIARI;Sardegna;SANT'ISIDORO;87;47;911;2003
QUARTUCCIU;CAGLIARI;Sardegna;SEPARASSIU;61;40;909;1002
QUARTUCCIU;CAGLIARI;Sardegna;SEPARASSIU;61;40;909;1002
QUARTUCCIU;CAGLIARI;Sardegna;SU PEZZU MANNU;18;37;895;2001
QUARTUCCIU;CAGLIARI;Sardegna;SU PEZZU MANNU;18;37;895;2001
CASTIADAS;CAGLIARI;Sardegna;CALA PIRA;0;1;962;2001
CASTIADAS;CAGLIARI;Sardegna;CALA SINZIAS;28;50;944;2002
CASTIADAS;CAGLIARI;Sardegna;CAMISA;129;40;860;2003
CASTIADAS;CAGLIARI;Sardegna;CAPPUCCIU;28;118;914;2004
CASTIADAS;CAGLIARI;Sardegna;CASTIADAS;65;168;915;1001
CASTIADAS;CAGLIARI;Sardegna;L'ANNUNZIATA;126;60;851;2005
CASTIADAS;CAGLIARI;Sardegna;MASONE PARDU;154;116;903;2006
CASTIADAS;CAGLIARI;Sardegna;MONTE GRUTTAS;50;82;878;2007
CASTIADAS;CAGLIARI;Sardegna;OLIA SPECIOSA;149;60;879;1002
CASTIADAS;CAGLIARI;Sardegna;SABADI;84;117;897;2008
CASTIADAS;CAGLIARI;Sardegna;SAN PIETRO;148;34;937;2009
CASTIADAS;CAGLIARI;Sardegna;SANT'ELMO;1;10;931;2010
CASTIADAS;CAGLIARI;Sardegna;SITO';125;112;919;2011
CASTIADAS;CAGLIARI;Sardegna;VILLA REY;5;8;925;2012
ELMAS;CAGLIARI;Sardegna;ECA SU GOREU;104;7;884;2001
ELMAS;CAGLIARI;Sardegna;ECA SU GOREU;104;7;884;2001
ELMAS;CAGLIARI;Sardegna;ELMAS;6091;7;890;1001
ELMAS;CAGLIARI;Sardegna;ELMAS;6091;7;890;1001
ELMAS;CAGLIARI;Sardegna;GILIAQUAS;251;2;899;2002
ELMAS;CAGLIARI;Sardegna;GILIAQUAS;251;2;899;2002
ELMAS;CAGLIARI;Sardegna;IDROSCALO;323;2;905;2003
ELMAS;CAGLIARI;Sardegna;IDROSCALO;323;2;905;2003
ELMAS;CAGLIARI;Sardegna;IS ARENAS;65;9;887;2004
ELMAS;CAGLIARI;Sardegna;IS ARENAS;65;9;887;2004
ELMAS;CAGLIARI;Sardegna;IS FORREDUS;46;10;889;2005
ELMAS;CAGLIARI;Sardegna;IS FORREDUS;46;10;889;2005
ELMAS;CAGLIARI;Sardegna;IS PUNTEDDUS;27;5;891;2006
ELMAS;CAGLIARI;Sardegna;IS PUNTEDDUS;27;5;891;2006
ELMAS;CAGLIARI;Sardegna;SA MURA;99;4;882;2007
ELMAS;CAGLIARI;Sardegna;SA MURA;99;4;882;2007
ESCALAPLANO;CAGLIARI;Sardegna;ESCALAPLANO;2742;338;729;1001
ESCOLCA;CAGLIARI;Sardegna;ESCOLCA;759;416;721;1001
ESTERZILI;CAGLIARI;Sardegna;ESTERZILI;950;731;713;1001
GERGEI;CAGLIARI;Sardegna;GERGEI;1587;374;720;1001
ISILI;CAGLIARI;Sardegna;CASA DI LAVORO ALL'APERTO;8;682;706;2001
ISILI;CAGLIARI;Sardegna;ISILI;3219;523;716;1001
NURAGUS;CAGLIARI;Sardegna;LIXIUS;31;482;715;2001
NURAGUS;CAGLIARI;Sardegna;NURAGUS;1038;359;714;1001
NURALLAO;CAGLIARI;Sardegna;NURALLAO;1420;390;711;1001
NURRI;CAGLIARI;Sardegna;NURRI;2689;590;717;1001
ORROLI;CAGLIARI;Sardegna;ORROLI;3079;530;723;1001
SADALI;CAGLIARI;Sardegna;SADALI;1188;705;703;1001
SERRI;CAGLIARI;Sardegna;SERRI;805;617;719;1001
SEULO;CAGLIARI;Sardegna;SEULO;1065;799;692;1001
VILLANOVA TULO;CAGLIARI;Sardegna;VILLANOVA TULO;1125;571;712;1001
ABBASANTA;ORISTANO;Sardegna;ABBASANTA;2582;315;403;1001
AIDOMAGGIORE;ORISTANO;Sardegna;AIDOMAGGIORE;617;250;398;1001
ALBAGIARA;ORISTANO;Sardegna;ALBAGIARA;308;215;481;1001
ALES;ORISTANO;Sardegna;ALES;1462;194;486;1001
ALES;ORISTANO;Sardegna;ZEPPARA;229;165;484;1002
ALLAI;ORISTANO;Sardegna;ALLAI;466;60;440;1001
ARBOREA;ORISTANO;Sardegna;ARBOREA;1764;7;483;1001
ARBOREA;ORISTANO;Sardegna;CENTRO II SASSU;30;5;475;2001
ARBOREA;ORISTANO;Sardegna;CENTRO I SASSU;50;5;476;2002
ARBOREA;ORISTANO;Sardegna;LINNAS;32;5;503;2003
ARBOREA;ORISTANO;Sardegna;LURI;57;6;496;2004
ARBOREA;ORISTANO;Sardegna;POMPONGIAS;51;5;491;2005
ARBOREA;ORISTANO;Sardegna;S'UNGRONI;42;6;477;2006
ARBOREA;ORISTANO;Sardegna;TORREVECCHIA;35;4;497;2007
ARDAULI;ORISTANO;Sardegna;ARDAULI;1349;421;415;1001
ASSOLO;ORISTANO;Sardegna;ASSOLO;537;255;474;1001
ASUNI;ORISTANO;Sardegna;ASUNI;516;233;466;1001
BARADILI;ORISTANO;Sardegna;BARADILI;119;165;500;1001
BARATILI SAN PIETRO;ORISTANO;Sardegna;BARATILI SAN PIETRO;1203;11;434;1001
BARESSA;ORISTANO;Sardegna;BARESSA;962;165;502;1001
BAULADU;ORISTANO;Sardegna;BAULADU;661;38;427;1001
BIDONI';ORISTANO;Sardegna;BIDONI';188;250;407;1001
BONARCADO;ORISTANO;Sardegna;BONARCADO;1762;283;411;1001
BORONEDDU;ORISTANO;Sardegna;BORONEDDU;206;216;408;1001
BUSACHI;ORISTANO;Sardegna;BUSACHI;1829;379;425;1001
BUSACHI;ORISTANO;Sardegna;SANTA SUSANNA;0;275;431;2001
CABRAS;ORISTANO;Sardegna;CABRAS;7991;6;447;1001
CABRAS;ORISTANO;Sardegna;SAN GIOVANNI DI SINIS;27;7;462;2001
CABRAS;ORISTANO;Sardegna;SAN SALVATORE;3;6;453;2002
CABRAS;ORISTANO;Sardegna;SOLANAS;926;8;451;1002
CUGLIERI;ORISTANO;Sardegna;CUGLIERI;2868;483;395;1001
CUGLIERI;ORISTANO;Sardegna;SANTA CATERINA;353;21;406;1002
CUGLIERI;ORISTANO;Sardegna;S'ARCHITTU;112;14;413;1003
FORDONGIANUS;ORISTANO;Sardegna;FORDONGIANUS;1160;35;433;1001
GHILARZA;ORISTANO;Sardegna;GHILARZA;4519;290;404;1001
GHILARZA;ORISTANO;Sardegna;ZURI;137;265;405;1002
GONNOSCODINA;ORISTANO;Sardegna;GONNOSCODINA;548;112;507;1001
GONNOSNO';ORISTANO;Sardegna;GONNOSNO';1006;195;488;1001
GONNOSTRAMATZA;ORISTANO;Sardegna;GONNOSTRAMATZA;961;96;510;1001
MARRUBIU;ORISTANO;Sardegna;CENTRO TRE;16;4;485;2001
MARRUBIU;ORISTANO;Sardegna;IS BANGIUS;104;58;482;2002
MARRUBIU;ORISTANO;Sardegna;MARRUBIU;4396;7;489;1001
MARRUBIU;ORISTANO;Sardegna;SANT'ANNA;264;20;472;1002
MASULLAS;ORISTANO;Sardegna;MASULLAS;1234;129;506;1001
MILIS;ORISTANO;Sardegna;MILIS;1677;72;419;1001
MOGORELLA;ORISTANO;Sardegna;MOGORELLA;551;265;468;1001
MOGORO;ORISTANO;Sardegna;MOGORO;4888;132;508;1001
MORGONGIORI;ORISTANO;Sardegna;COMUNITA' ALLE SORGENTI;33;594;487;2001
MORGONGIORI;ORISTANO;Sardegna;MORGONGIORI;1003;351;492;1001
NARBOLIA;ORISTANO;Sardegna;NARBOLIA;1688;57;418;1001
NEONELI;ORISTANO;Sardegna;NEONELI;832;554;417;1001
NORBELLO;ORISTANO;Sardegna;DOMUSNOVAS CANALES;59;239;399;2001
NORBELLO;ORISTANO;Sardegna;NORBELLO;1133;315;401;1001
NUGHEDU SANTA VITTORIA;ORISTANO;Sardegna;NUGHEDU SANTA VITTORIA;589;496;412;1001
NURACHI;ORISTANO;Sardegna;NURACHI;1493;6;437;1001
NURECI;ORISTANO;Sardegna;NURECI;483;335;471;1001
OLLASTRA;ORISTANO;Sardegna;OLLASTRA;1257;23;442;1001
ORISTANO;ORISTANO;Sardegna;DONIGALA FENUGHEDDU;1268;8;448;1001
ORISTANO;ORISTANO;Sardegna;MASSAMA;503;9;444;1002
ORISTANO;ORISTANO;Sardegna;NURAXINIEDDU;563;7;449;1003
ORISTANO;ORISTANO;Sardegna;ORISTANO;25398;9;456;1004
ORISTANO;ORISTANO;Sardegna;SILI';1838;10;455;1005
ORISTANO;ORISTANO;Sardegna;TORRE GRANDE;308;3;458;1006
PALMAS ARBOREA;ORISTANO;Sardegna;PALMAS ARBOREA;990;4;465;1001
PALMAS ARBOREA;ORISTANO;Sardegna;TIRIA;36;40;467;2001
PAU;ORISTANO;Sardegna;PAU;413;315;480;1001
PAULILATINO;ORISTANO;Sardegna;PAULILATINO;2679;280;414;1001
POMPU;ORISTANO;Sardegna;POMPU;324;147;498;1001
RIOLA SARDO;ORISTANO;Sardegna;RIOLA SARDO;2076;9;432;1001
RUINAS;ORISTANO;Sardegna;RUINAS;926;359;457;1001
SAMUGHEO;ORISTANO;Sardegna;SAMUGHEO;3739;370;441;1001
SAN NICOLO' D'ARCIDANO;ORISTANO;Sardegna;SAN NICOLO' D'ARCIDANO;2794;13;509;1001
SANTA GIUSTA;ORISTANO;Sardegna;CORTE BACCAS;95;8;460;2001
SANTA GIUSTA;ORISTANO;Sardegna;CUCCURU DE' PORTU;376;8;461;1001
SANTA GIUSTA;ORISTANO;Sardegna;SANTA GIUSTA;3284;10;464;1002
VILLA SANT'ANTONIO;ORISTANO;Sardegna;VILLA SANT'ANTONIO;518;249;469;1001
SANTU LUSSURGIU;ORISTANO;Sardegna;SAN LEONARDO;49;684;396;1001
SANTU LUSSURGIU;ORISTANO;Sardegna;SANTU LUSSURGIU;2852;503;400;1002
SAN VERO MILIS;ORISTANO;Sardegna;MANDRIOLA;74;5;424;1002
SAN VERO MILIS;ORISTANO;Sardegna;PUTZU IDU;60;4;426;1003
SAN VERO MILIS;ORISTANO;Sardegna;SAN VERO MILIS;2155;10;428;1001
SAN VERO MILIS;ORISTANO;Sardegna;S'ARENA SCOADA;2;2;429;1004
SAN VERO MILIS;ORISTANO;Sardegna;SA ROCCA TUNDA;23;3;423;1005
SAN VERO MILIS;ORISTANO;Sardegna;SU PALLOSU;26;2;421;1006
SCANO DI MONTIFERRO;ORISTANO;Sardegna;SCANO DI MONTIFERRO;1902;380;393;1001
SEDILO;ORISTANO;Sardegna;SEDILO;2676;283;397;1001
SENEGHE;ORISTANO;Sardegna;SENEGHE;2051;305;416;1001
SENIS;ORISTANO;Sardegna;SENIS;669;256;470;1001
SENNARIOLO;ORISTANO;Sardegna;SENNARIOLO;202;274;394;1001
SIAMAGGIORE;ORISTANO;Sardegna;PARDU NOU;21;9;445;2001
SIAMAGGIORE;ORISTANO;Sardegna;SIAMAGGIORE;714;8;443;1001
SIAMANNA;ORISTANO;Sardegna;PRANIXEDDU;39;110;459;2001
SIAMANNA;ORISTANO;Sardegna;SIAMANNA;820;49;454;1001
SIMALA;ORISTANO;Sardegna;SIMALA;467;155;501;1001
SIMAXIS;ORISTANO;Sardegna;SAN VERO CONGIUS;113;18;446;1001
SIMAXIS;ORISTANO;Sardegna;SIMAXIS;1954;17;450;1002
SINI;ORISTANO;Sardegna;SINI;679;255;490;1001
SIRIS;ORISTANO;Sardegna;SIRIS;261;161;504;1001
SOLARUSSA;ORISTANO;Sardegna;SOLARUSSA;2386;12;439;1001
SORRADILE;ORISTANO;Sardegna;SORRADILE;583;337;410;1001
TADASUNI;ORISTANO;Sardegna;TADASUNI;216;180;409;1001
TERRALBA;ORISTANO;Sardegna;MARCEDDI;31;1;499;1001
TERRALBA;ORISTANO;Sardegna;TANCA MARCHESE;495;4;494;1002
TERRALBA;ORISTANO;Sardegna;TERRALBA;9538;9;495;1003
TRAMATZA;ORISTANO;Sardegna;TRAMATZA;996;22;430;1001
TRESNURAGHES;ORISTANO;Sardegna;PORTO ALABE;79;24;392;1001
TRESNURAGHES;ORISTANO;Sardegna;TRESNURAGHES;1290;257;391;1002
ULA' TIRSO;ORISTANO;Sardegna;SANTA CHIARA DEL TIRSO;3;202;420;2001
ULA' TIRSO;ORISTANO;Sardegna;ULA' TIRSO;684;348;422;1001
URAS;ORISTANO;Sardegna;URAS;3285;23;505;1001
USELLUS;ORISTANO;Sardegna;ESCOVEDU;244;223;479;1001
USELLUS;ORISTANO;Sardegna;USELLUS;731;289;473;1002
VILLANOVA TRUSCHEDU;ORISTANO;Sardegna;VILLANOVA TRUSCHEDU;347;56;436;1001
VILLAURBANA;ORISTANO;Sardegna;VILLAURBANA;1928;84;463;1001
VILLA VERDE;ORISTANO;Sardegna;VILLA VERDE;459;204;478;1001
ZEDDIANI;ORISTANO;Sardegna;ZEDDIANI;1002;9;435;1001
ZERFALIU;ORISTANO;Sardegna;ZERFALIU;1171;15;438;1001
SIAPICCIA;ORISTANO;Sardegna;SIAPICCIA;411;64;452;1001
CURCURIS;ORISTANO;Sardegna;CURCURIS;325;130;493;1001
SODDI';ORISTANO;Sardegna;SODDI';180;250;402;1001
BOSA;ORISTANO;Sardegna;BOSA;7918;2;623;1001
BOSA;ORISTANO;Sardegna;BOSA MARINA;534;3;627;1002
FLUSSIO;ORISTANO;Sardegna;FLUSSIO;525;305;640;1001
GENONI;ORISTANO;Sardegna;GENONI;1103;447;710;1001
LACONI;ORISTANO;Sardegna;CRASTU;93;330;707;1001
LACONI;ORISTANO;Sardegna;LACONI;2228;550;697;1002
LACONI;ORISTANO;Sardegna;SANTA SOFIA;99;818;694;1003
MAGOMADAS;ORISTANO;Sardegna;MAGOMADAS;593;263;642;1001
MAGOMADAS;ORISTANO;Sardegna;SA LUMENERA;21;80;639;2001
MAGOMADAS;ORISTANO;Sardegna;SANTA MARIA DEL MARE;0;62;643;1002
MAGOMADAS;ORISTANO;Sardegna;VILLAGGIO TURAS;1;65;637;2002
MODOLO;ORISTANO;Sardegna;MODOLO;202;134;633;1001
MONTRESTA;ORISTANO;Sardegna;MONTRESTA;801;410;608;1001
SAGAMA;ORISTANO;Sardegna;SAGAMA;254;333;644;1001
SUNI;ORISTANO;Sardegna;SUNI;1294;340;632;1001
TINNURA;ORISTANO;Sardegna;TINNURA;253;328;636;1001
AGGIUS;OLBIA-TEMPIO;Sardegna;AGGIUS;1617;514;121;1001
AGGIUS;OLBIA-TEMPIO;Sardegna;BONAITA;45;516;118;1002
AGLIENTU;OLBIA-TEMPIO;Sardegna;AGLIENTU;586;420;68;1001
AGLIENTU;OLBIA-TEMPIO;Sardegna;PORTOBELLO;8;50;48;1002
AGLIENTU;OLBIA-TEMPIO;Sardegna;RENA MAJORE;88;52;38;1003
AGLIENTU;OLBIA-TEMPIO;Sardegna;VIGNOLA MARE;6;6;51;1004
ALA' DEI SARDI;OLBIA-TEMPIO;Sardegna;ALA' DEI SARDI;1964;663;333;1001
ALA' DEI SARDI;OLBIA-TEMPIO;Sardegna;BADDE SUELZU;38;550;312;2001
ALA' DEI SARDI;OLBIA-TEMPIO;Sardegna;SCALA PEDROSA;17;589;319;2002
ARZACHENA;OLBIA-TEMPIO;Sardegna;ABBIADORI;296;116;60;1001
ARZACHENA;OLBIA-TEMPIO;Sardegna;ARZACHENA;5154;85;67;1002
ARZACHENA;OLBIA-TEMPIO;Sardegna;BAJA SARDINIA;172;5;45;1003
ARZACHENA;OLBIA-TEMPIO;Sardegna;CALA BITTA;73;13;52;2001
ARZACHENA;OLBIA-TEMPIO;Sardegna;CALA DI VOLPE;35;17;58;2002
ARZACHENA;OLBIA-TEMPIO;Sardegna;CANNIGIONE;656;5;55;1004
ARZACHENA;OLBIA-TEMPIO;Sardegna;CAPRICCIOLI;17;71;63;1005
ARZACHENA;OLBIA-TEMPIO;Sardegna;GOLFO PEVERO;110;15;54;1006
ARZACHENA;OLBIA-TEMPIO;Sardegna;LA CONIA;98;13;50;2003
ARZACHENA;OLBIA-TEMPIO;Sardegna;LISCIA DI VACCA;208;65;44;1007
ARZACHENA;OLBIA-TEMPIO;Sardegna;MONTICANAGLIA;288;50;70;2004
ARZACHENA;OLBIA-TEMPIO;Sardegna;MUCCHI BIANCHI;0;20;49;2005
ARZACHENA;OLBIA-TEMPIO;Sardegna;PANTOGIA;30;105;53;2006
ARZACHENA;OLBIA-TEMPIO;Sardegna;POLTU QUATU;1;40;46;2007
ARZACHENA;OLBIA-TEMPIO;Sardegna;PORTO CERVO;301;8;43;1008
ARZACHENA;OLBIA-TEMPIO;Sardegna;ROMAZZINO;20;23;59;2008
ARZACHENA;OLBIA-TEMPIO;Sardegna;SANTA TERESINA;115;73;65;2009
ARZACHENA;OLBIA-TEMPIO;Sardegna;TANCA MANNA;22;25;47;2010
BADESI;OLBIA-TEMPIO;Sardegna;AZZAGULTA;102;135;117;1001
BADESI;OLBIA-TEMPIO;Sardegna;BADESI;1255;102;105;1002
BADESI;OLBIA-TEMPIO;Sardegna;LA TOZZA;189;129;109;1003
BADESI;OLBIA-TEMPIO;Sardegna;LI JUNCHI;4;7;102;1004
BADESI;OLBIA-TEMPIO;Sardegna;MUNTIGGIONI;295;148;112;1005
BADESI;OLBIA-TEMPIO;Sardegna;PIROTTO LI FRATI;8;5;116;1006
BERCHIDDA;OLBIA-TEMPIO;Sardegna;BERCHIDDA;3295;290;253;1001
BORTIGIADAS;OLBIA-TEMPIO;Sardegna;ALVARIZZU;59;61;189;1001
BORTIGIADAS;OLBIA-TEMPIO;Sardegna;BORTIGIADAS;500;479;162;1002
BORTIGIADAS;OLBIA-TEMPIO;Sardegna;FIGARUIA;48;411;157;2001
BORTIGIADAS;OLBIA-TEMPIO;Sardegna;FRAIGATA;45;65;183;2002
BORTIGIADAS;OLBIA-TEMPIO;Sardegna;FUMOSA;11;298;161;2003
BORTIGIADAS;OLBIA-TEMPIO;Sardegna;GIOVANNI MORO;31;325;163;2004
BORTIGIADAS;OLBIA-TEMPIO;Sardegna;LI PAULIS;13;376;165;2005
BORTIGIADAS;OLBIA-TEMPIO;Sardegna;LU FALZU;41;520;153;2006
BORTIGIADAS;OLBIA-TEMPIO;Sardegna;LU TORRINU;27;87;176;2007
BORTIGIADAS;OLBIA-TEMPIO;Sardegna;MASTRUIAGU;21;70;184;2008
BORTIGIADAS;OLBIA-TEMPIO;Sardegna;PONTI EZZU;30;62;190;2009
BORTIGIADAS;OLBIA-TEMPIO;Sardegna;SCALA RUIA;18;90;186;2010
BORTIGIADAS;OLBIA-TEMPIO;Sardegna;SCUPAGGIU;60;61;175;2011
BORTIGIADAS;OLBIA-TEMPIO;Sardegna;STAZIONE FERROVIARIA;2;320;166;2012
BUDDUSO';OLBIA-TEMPIO;Sardegna;BUDDUSO';4205;700;351;1001
BUDONI;OLBIA-TEMPIO;Sardegna;AGRUSTOS;189;53;544;1001
BUDONI;OLBIA-TEMPIO;Sardegna;BAIA SANT'ANNA;3;35;564;2001
BUDONI;OLBIA-TEMPIO;Sardegna;BERRUILES;247;71;545;1002
BUDONI;OLBIA-TEMPIO;Sardegna;BIRGALAVO';43;94;547;2002
BUDONI;OLBIA-TEMPIO;Sardegna;BUDONI;1063;16;555;1003
BUDONI;OLBIA-TEMPIO;Sardegna;LIMPIDDU;214;30;560;1004
BUDONI;OLBIA-TEMPIO;Sardegna;LUDDUI;10;156;543;2003
BUDONI;OLBIA-TEMPIO;Sardegna;LUTTURAI;17;100;557;2004
BUDONI;OLBIA-TEMPIO;Sardegna;MAIORCA;44;60;553;2005
BUDONI;OLBIA-TEMPIO;Sardegna;MALAMORI';63;47;550;2006
BUDONI;OLBIA-TEMPIO;Sardegna;MATTA E PERU;7;9;572;2007
BUDONI;OLBIA-TEMPIO;Sardegna;MURISCUVO';30;45;569;2008
BUDONI;OLBIA-TEMPIO;Sardegna;NUDITTA;37;115;552;2009
BUDONI;OLBIA-TEMPIO;Sardegna;OTTIOLU;21;9;542;1005
BUDONI;OLBIA-TEMPIO;Sardegna;PONTE;47;15;554;2010
BUDONI;OLBIA-TEMPIO;Sardegna;SAN GAVINO;140;62;562;1006
BUDONI;OLBIA-TEMPIO;Sardegna;SAN LORENZO;247;121;566;1007
BUDONI;OLBIA-TEMPIO;Sardegna;SAN PIETRO;75;88;558;2011
BUDONI;OLBIA-TEMPIO;Sardegna;SAN SILVESTRO;62;40;551;2012
BUDONI;OLBIA-TEMPIO;Sardegna;S'ISCALA;41;50;565;2013
BUDONI;OLBIA-TEMPIO;Sardegna;SOLITA';185;56;563;1008
BUDONI;OLBIA-TEMPIO;Sardegna;STRUGAS;58;215;556;2014
BUDONI;OLBIA-TEMPIO;Sardegna;TAMARISPA;188;178;567;1009
BUDONI;OLBIA-TEMPIO;Sardegna;TANAUNELLA;527;43;559;1010
CALANGIANUS;OLBIA-TEMPIO;Sardegna;CALANGIANUS;4548;500;127;1001
GOLFO ARANCI;OLBIA-TEMPIO;Sardegna;GOLFO ARANCI;1744;2;88;1001
GOLFO ARANCI;OLBIA-TEMPIO;Sardegna;MARINELLA;45;25;89;1002
GOLFO ARANCI;OLBIA-TEMPIO;Sardegna;NODU PIANU;4;20;106;2001
GOLFO ARANCI;OLBIA-TEMPIO;Sardegna;PUNTA BADOS;3;5;107;2002
GOLFO ARANCI;OLBIA-TEMPIO;Sardegna;PUNTA PEDROSA;0;10;96;2003
GOLFO ARANCI;OLBIA-TEMPIO;Sardegna;SOPRAMONTE;0;124;98;2004
GOLFO ARANCI;OLBIA-TEMPIO;Sardegna;SOTTOMONTE;2;47;99;2005
GOLFO ARANCI;OLBIA-TEMPIO;Sardegna;SPIAGGIA BIANCA;1;20;95;2006
GOLFO ARANCI;OLBIA-TEMPIO;Sardegna;TERRATA;16;40;101;2007
LA MADDALENA;OLBIA-TEMPIO;Sardegna;CALA FRANCESE;14;15;21;2001
LA MADDALENA;OLBIA-TEMPIO;Sardegna;CALA SANTA MARIA;0;2;1;2011
LA MADDALENA;OLBIA-TEMPIO;Sardegna;GUARDIA VECCHIA;49;149;20;2002
LA MADDALENA;OLBIA-TEMPIO;Sardegna;LA MADDALENA;10499;19;16;1001
LA MADDALENA;OLBIA-TEMPIO;Sardegna;PORTO MASSIMO;8;25;2;2003
LA MADDALENA;OLBIA-TEMPIO;Sardegna;PUNTA VILLA;46;76;18;2004
LA MADDALENA;OLBIA-TEMPIO;Sardegna;PUZZONI;35;17;15;2005
LA MADDALENA;OLBIA-TEMPIO;Sardegna;STAGNALI;91;2;24;2010
LA MADDALENA;OLBIA-TEMPIO;Sardegna;STAZZO VILLA;2;90;10;2006
LA MADDALENA;OLBIA-TEMPIO;Sardegna;SUALEDDU;28;36;9;2007
LA MADDALENA;OLBIA-TEMPIO;Sardegna;VIGNA GRANDE;20;49;14;2008
LA MADDALENA;OLBIA-TEMPIO;Sardegna;VILLAGGIO PIRAS;102;20;8;2009
LOIRI PORTO SAN PAOLO;OLBIA-TEMPIO;Sardegna;AZZANI';257;95;235;2001
LOIRI PORTO SAN PAOLO;OLBIA-TEMPIO;Sardegna;AZZANIDO';38;145;230;2002
LOIRI PORTO SAN PAOLO;OLBIA-TEMPIO;Sardegna;BURRASCA;15;124;220;2003
LOIRI PORTO SAN PAOLO;OLBIA-TEMPIO;Sardegna;CASTAGNA;28;55;209;2004
LOIRI PORTO SAN PAOLO;OLBIA-TEMPIO;Sardegna;COSTA DORATA;5;60;182;2005
LOIRI PORTO SAN PAOLO;OLBIA-TEMPIO;Sardegna;ENAS;106;130;200;2006
LOIRI PORTO SAN PAOLO;OLBIA-TEMPIO;Sardegna;ENAS FRATELLI GIUA;41;121;208;2007
LOIRI PORTO SAN PAOLO;OLBIA-TEMPIO;Sardegna;GRAMINATOGGIU;47;104;233;2008
LOIRI PORTO SAN PAOLO;OLBIA-TEMPIO;Sardegna;LOIRI;376;100;201;1001
LOIRI PORTO SAN PAOLO;OLBIA-TEMPIO;Sardegna;MONTE PETROSU;16;45;206;1002
LOIRI PORTO SAN PAOLO;OLBIA-TEMPIO;Sardegna;MONTILITTU;132;76;204;2009
LOIRI PORTO SAN PAOLO;OLBIA-TEMPIO;Sardegna;MUZZEDDU;37;150;218;2010
LOIRI PORTO SAN PAOLO;OLBIA-TEMPIO;Sardegna;OVILO';62;152;238;2011
LOIRI PORTO SAN PAOLO;OLBIA-TEMPIO;Sardegna;PORTO SAN PAOLO;470;13;170;1003
LOIRI PORTO SAN PAOLO;OLBIA-TEMPIO;Sardegna;PORTO TAVERNA;2;72;185;2012
LOIRI PORTO SAN PAOLO;OLBIA-TEMPIO;Sardegna;PUNTA DON DIEGO;6;20;177;2013
LOIRI PORTO SAN PAOLO;OLBIA-TEMPIO;Sardegna;PUNTA PIETRA BIANCA;0;72;191;2014
LOIRI PORTO SAN PAOLO;OLBIA-TEMPIO;Sardegna;SANALVO';20;128;215;2015
LOIRI PORTO SAN PAOLO;OLBIA-TEMPIO;Sardegna;SANTU JUANNI;25;86;224;2016
LOIRI PORTO SAN PAOLO;OLBIA-TEMPIO;Sardegna;SARRA;44;186;219;2017
LOIRI PORTO SAN PAOLO;OLBIA-TEMPIO;Sardegna;TIRIDDO';23;132;188;2018
LOIRI PORTO SAN PAOLO;OLBIA-TEMPIO;Sardegna;TRUDDA;36;169;202;2019
LOIRI PORTO SAN PAOLO;OLBIA-TEMPIO;Sardegna;VACCILEDDI;67;30;198;1004
LUOGOSANTO;OLBIA-TEMPIO;Sardegna;CHESSA;24;155;57;2001
LUOGOSANTO;OLBIA-TEMPIO;Sardegna;CRISCIULEDDU;26;178;75;2002
LUOGOSANTO;OLBIA-TEMPIO;Sardegna;LU MOCU;45;175;71;2003
LUOGOSANTO;OLBIA-TEMPIO;Sardegna;LUOGOSANTO;1337;321;74;1001
LURAS;OLBIA-TEMPIO;Sardegna;LURAS;2614;508;119;1001
MONTI;OLBIA-TEMPIO;Sardegna;FRADES BERRITTEDDOS;123;110;214;2001
MONTI;OLBIA-TEMPIO;Sardegna;FRADES TILIGNAS;54;101;211;2002
MONTI;OLBIA-TEMPIO;Sardegna;LA PALAZZINA;239;92;210;1001
MONTI;OLBIA-TEMPIO;Sardegna;MONTI;2058;300;237;1002
MONTI;OLBIA-TEMPIO;Sardegna;SOS RUEDDOS;60;512;269;2003
MONTI;OLBIA-TEMPIO;Sardegna;STAZIONE DI MONTI;49;290;216;2004
OLBIA;OLBIA-TEMPIO;Sardegna;BATTISTA;45;296;274;2019
OLBIA;OLBIA-TEMPIO;Sardegna;BERCHIDDEDDU;512;296;222;1010
OLBIA;OLBIA-TEMPIO;Sardegna;BUNTHE;4;6;150;2001
OLBIA;OLBIA-TEMPIO;Sardegna;COSTA CORALLINA;21;20;169;2002
OLBIA;OLBIA-TEMPIO;Sardegna;COSTA ROMANTICA;16;62;151;2003
OLBIA;OLBIA-TEMPIO;Sardegna;CUGNANA VERDE;8;168;84;1001
OLBIA;OLBIA-TEMPIO;Sardegna;LE SALINE;6;8;144;2004
OLBIA;OLBIA-TEMPIO;Sardegna;LE VECCHIE SALINE;61;8;152;2005
OLBIA;OLBIA-TEMPIO;Sardegna;LI CUNCHEDDI;5;47;142;1002
OLBIA;OLBIA-TEMPIO;Sardegna;LIDO DEL SOLE;29;5;136;2006
OLBIA;OLBIA-TEMPIO;Sardegna;LU STICCADU;30;31;126;2007
OLBIA;OLBIA-TEMPIO;Sardegna;MAMUSI;111;335;279;2020
OLBIA;OLBIA-TEMPIO;Sardegna;MANNACCIU;44;30;129;2008
OLBIA;OLBIA-TEMPIO;Sardegna;MARINELLA;16;20;85;1003
OLBIA;OLBIA-TEMPIO;Sardegna;MILMEGGIU;11;110;80;2009
OLBIA;OLBIA-TEMPIO;Sardegna;MONTE TELTI;48;70;141;2010
OLBIA;OLBIA-TEMPIO;Sardegna;MURTA MARIA;305;10;156;1004
OLBIA;OLBIA-TEMPIO;Sardegna;OLBIA;34336;15;111;1005
OLBIA;OLBIA-TEMPIO;Sardegna;OSSEDDU;45;87;108;2011
OLBIA;OLBIA-TEMPIO;Sardegna;PEDRU GAIAS;37;250;267;2021
OLBIA;OLBIA-TEMPIO;Sardegna;PITTULONGU;275;4;110;1006
OLBIA;OLBIA-TEMPIO;Sardegna;PORTISCO;8;24;78;2012
OLBIA;OLBIA-TEMPIO;Sardegna;PORTO ISTANA;90;12;155;2013
OLBIA;OLBIA-TEMPIO;Sardegna;PORTO ROTONDO;277;5;81;1007
OLBIA;OLBIA-TEMPIO;Sardegna;PUNTA SALINE;5;7;137;2014
OLBIA;OLBIA-TEMPIO;Sardegna;PUTZOLU;257;58;139;2015
OLBIA;OLBIA-TEMPIO;Sardegna;RUDALZA;208;58;90;1008
OLBIA;OLBIA-TEMPIO;Sardegna;SA CASTANZA;93;250;243;2022
OLBIA;OLBIA-TEMPIO;Sardegna;SA ISTRANA;113;31;115;2016
OLBIA;OLBIA-TEMPIO;Sardegna;SAN PANTALEO;634;166;77;1009
OLBIA;OLBIA-TEMPIO;Sardegna;SANTA LUCIA;63;85;104;2017
OLBIA;OLBIA-TEMPIO;Sardegna;SOLE RUIU;10;220;93;2018
OLBIA;OLBIA-TEMPIO;Sardegna;SOS CODDOS;31;300;266;2023
OLBIA;OLBIA-TEMPIO;Sardegna;SU CARRU;27;258;244;2024
OLBIA;OLBIA-TEMPIO;Sardegna;TRAINU MOLTU;104;258;255;2025
OSCHIRI;OLBIA-TEMPIO;Sardegna;DIGA COGHINAS;8;198;260;2001
OSCHIRI;OLBIA-TEMPIO;Sardegna;GIAGONE;19;457;231;2002
OSCHIRI;OLBIA-TEMPIO;Sardegna;OSCHIRI;3773;202;307;1001
OSCHIRI;OLBIA-TEMPIO;Sardegna;PIANAS-SA MURIGHESSA;30;331;264;2003
PADRU;OLBIA-TEMPIO;Sardegna;BIAXI;116;168;273;1002
PADRU;OLBIA-TEMPIO;Sardegna;BUDO';13;170;259;2001
PADRU;OLBIA-TEMPIO;Sardegna;CUZZOLA;148;257;308;1003
PADRU;OLBIA-TEMPIO;Sardegna;LUDURRU;79;403;317;2002
PADRU;OLBIA-TEMPIO;Sardegna;PADRU;1070;171;280;1004
PADRU;OLBIA-TEMPIO;Sardegna;PEDRA BIANCA;88;599;329;1005
PADRU;OLBIA-TEMPIO;Sardegna;SA SERRA;178;439;315;1006
PADRU;OLBIA-TEMPIO;Sardegna;SOS RUNCOS;33;438;313;2003
PADRU;OLBIA-TEMPIO;Sardegna;SOZZA;161;262;303;1007
PADRU;OLBIA-TEMPIO;Sardegna;SU TIRIALZU;66;470;310;2004
PALAU;OLBIA-TEMPIO;Sardegna;ALTURA;9;44;30;2001
PALAU;OLBIA-TEMPIO;Sardegna;BARRABISA;50;51;32;2002
PALAU;OLBIA-TEMPIO;Sardegna;CAPANNACCIA;86;48;36;2003
PALAU;OLBIA-TEMPIO;Sardegna;CAPO D'ORSO;25;63;35;2004
PALAU;OLBIA-TEMPIO;Sardegna;COSTA SERENA;26;5;26;2005
PALAU;OLBIA-TEMPIO;Sardegna;LE SALINE;26;17;41;2006
PALAU;OLBIA-TEMPIO;Sardegna;LISCIA CULUMBA;47;6;33;2007
PALAU;OLBIA-TEMPIO;Sardegna;PALAU;2579;5;28;1001
PALAU;OLBIA-TEMPIO;Sardegna;PETRALANA;1;14;31;2008
PALAU;OLBIA-TEMPIO;Sardegna;PORTO POLLO;23;23;27;2009
PALAU;OLBIA-TEMPIO;Sardegna;PULCHEDDU;14;86;40;2010
PALAU;OLBIA-TEMPIO;Sardegna;PUNTA SARDEGNA;54;11;23;2011
SANT'ANTONIO DI GALLURA;OLBIA-TEMPIO;Sardegna;PRIATU;196;345;120;1001
SANT'ANTONIO DI GALLURA;OLBIA-TEMPIO;Sardegna;SANT'ANTONIO DI GALLURA;1132;355;94;1002
SANTA TERESA GALLURA;OLBIA-TEMPIO;Sardegna;CAPO TESTA;44;41;7;2001
SANTA TERESA GALLURA;OLBIA-TEMPIO;Sardegna;CONCA VERDE;14;42;22;2002
SANTA TERESA GALLURA;OLBIA-TEMPIO;Sardegna;GIOVAN MARCO;5;28;29;2003
SANTA TERESA GALLURA;OLBIA-TEMPIO;Sardegna;LA FICACCIA;36;84;6;2004
SANTA TERESA GALLURA;OLBIA-TEMPIO;Sardegna;LA FILETTA;32;63;11;2005
SANTA TERESA GALLURA;OLBIA-TEMPIO;Sardegna;LA MARMORATA;19;55;4;1001
SANTA TERESA GALLURA;OLBIA-TEMPIO;Sardegna;LI PINNENTI;8;74;34;2006
SANTA TERESA GALLURA;OLBIA-TEMPIO;Sardegna;MARAZZINO;63;74;13;2007
SANTA TERESA GALLURA;OLBIA-TEMPIO;Sardegna;PORTO POZZO;236;9;25;1002
SANTA TERESA GALLURA;OLBIA-TEMPIO;Sardegna;RUONI;305;98;19;1003
SANTA TERESA GALLURA;OLBIA-TEMPIO;Sardegna;SAN PASQUALE;193;139;37;1004
SANTA TERESA GALLURA;OLBIA-TEMPIO;Sardegna;SANTA REPARATA;15;22;12;1005
SANTA TERESA GALLURA;OLBIA-TEMPIO;Sardegna;SANTA TERESA GALLURA;2703;44;5;1006
SANTA TERESA GALLURA;OLBIA-TEMPIO;Sardegna;TERRAVECCHIA-PORTOQUADRO;39;61;3;2008
SANTA TERESA GALLURA;OLBIA-TEMPIO;Sardegna;VALLE ERICA;2;34;17;2009
SAN TEODORO;OLBIA-TEMPIO;Sardegna;ALDIA BIANCA;0;75;731;2001
SAN TEODORO;OLBIA-TEMPIO;Sardegna;BADUALGA;106;29;535;2002
SAN TEODORO;OLBIA-TEMPIO;Sardegna;BUDDITTOGLIU STRAULAS;381;76;541;1001
SAN TEODORO;OLBIA-TEMPIO;Sardegna;CALA GIRGOLU;1;4;730;2003
SAN TEODORO;OLBIA-TEMPIO;Sardegna;CALA PARADISO;2;12;514;2004
SAN TEODORO;OLBIA-TEMPIO;Sardegna;CALA SUARACCIA;1;8;516;2005
SAN TEODORO;OLBIA-TEMPIO;Sardegna;CAPO CODA CAVALLO;4;50;518;1002
SAN TEODORO;OLBIA-TEMPIO;Sardegna;CASE PESCHIERA;16;5;525;2006
SAN TEODORO;OLBIA-TEMPIO;Sardegna;FRANCULACCIU;62;102;549;2007
SAN TEODORO;OLBIA-TEMPIO;Sardegna;L'ALZONI;52;23;528;2008
SAN TEODORO;OLBIA-TEMPIO;Sardegna;LA PADULA SICCA;0;12;540;2009
SAN TEODORO;OLBIA-TEMPIO;Sardegna;LA PIPARA;0;5;512;2010
SAN TEODORO;OLBIA-TEMPIO;Sardegna;LA RUNCINA;9;22;534;2011
SAN TEODORO;OLBIA-TEMPIO;Sardegna;LI MORI;90;50;530;2012
SAN TEODORO;OLBIA-TEMPIO;Sardegna;LU FINOCCIU;0;6;537;2013
SAN TEODORO;OLBIA-TEMPIO;Sardegna;LU FRAILI;84;82;521;2014
SAN TEODORO;OLBIA-TEMPIO;Sardegna;LU FRAILI DI SOPRA;10;33;524;2015
SAN TEODORO;OLBIA-TEMPIO;Sardegna;LU FRAILI DI SOTTO;8;28;523;2016
SAN TEODORO;OLBIA-TEMPIO;Sardegna;LU IMPOSTU;2;8;522;1003
SAN TEODORO;OLBIA-TEMPIO;Sardegna;LU LIONI;43;64;533;2017
SAN TEODORO;OLBIA-TEMPIO;Sardegna;LU MIRIACHEDDU;4;29;538;2018
SAN TEODORO;OLBIA-TEMPIO;Sardegna;LU MUNTIGGIU DI LA PETRA;21;40;539;2019
SAN TEODORO;OLBIA-TEMPIO;Sardegna;LU NIBBAREDDU;0;60;513;2020
SAN TEODORO;OLBIA-TEMPIO;Sardegna;LUTTURAI;39;23;520;2021
SAN TEODORO;OLBIA-TEMPIO;Sardegna;MONTE PETROSU;142;50;515;1004
SAN TEODORO;OLBIA-TEMPIO;Sardegna;NURAGHEDDU;54;19;527;2022
SAN TEODORO;OLBIA-TEMPIO;Sardegna;PUNTA MOLARA;16;36;511;2023
SAN TEODORO;OLBIA-TEMPIO;Sardegna;SALINA BAMBA;6;13;517;1005
SAN TEODORO;OLBIA-TEMPIO;Sardegna;SALINEDDA;0;22;519;2024
SAN TEODORO;OLBIA-TEMPIO;Sardegna;SAN TEODORO;735;15;532;1006
SAN TEODORO;OLBIA-TEMPIO;Sardegna;SCHIFONI;33;107;548;2025
SAN TEODORO;OLBIA-TEMPIO;Sardegna;SITAGLIACCIU;37;125;529;2026
SAN TEODORO;OLBIA-TEMPIO;Sardegna;STAZZU BRUCIATU;32;116;546;2027
SAN TEODORO;OLBIA-TEMPIO;Sardegna;SUAREDDA-TRAVERSA;356;14;531;1007
SAN TEODORO;OLBIA-TEMPIO;Sardegna;TERRAPADEDDA;28;94;536;2028
SAN TEODORO;OLBIA-TEMPIO;Sardegna;VILLAGGIO NURAGHEDDU;1;12;526;2029
TELTI;OLBIA-TEMPIO;Sardegna;TELTI;1392;332;173;1001
TEMPIO PAUSANIA;OLBIA-TEMPIO;Sardegna;BASSACUTENA;388;73;56;1003
TEMPIO PAUSANIA;OLBIA-TEMPIO;Sardegna;FUMOSA;6;298;164;2001
TEMPIO PAUSANIA;OLBIA-TEMPIO;Sardegna;LI LIERI;6;233;42;2002
TEMPIO PAUSANIA;OLBIA-TEMPIO;Sardegna;NUCHIS;334;504;132;1001
TEMPIO PAUSANIA;OLBIA-TEMPIO;Sardegna;SAN PASQUALE;60;139;39;1004
TEMPIO PAUSANIA;OLBIA-TEMPIO;Sardegna;TEMPIO PAUSANIA;12703;566;145;1002
TRINITA' D'AGULTU E VIGNOLA;OLBIA-TEMPIO;Sardegna;CANNEDDI;0;35;83;1001
TRINITA' D'AGULTU E VIGNOLA;OLBIA-TEMPIO;Sardegna;COSTA PARADISO;12;154;72;1002
TRINITA' D'AGULTU E VIGNOLA;OLBIA-TEMPIO;Sardegna;FALSAGGIU;38;171;79;2001
TRINITA' D'AGULTU E VIGNOLA;OLBIA-TEMPIO;Sardegna;GREULI;12;0;64;2002
TRINITA' D'AGULTU E VIGNOLA;OLBIA-TEMPIO;Sardegna;ISOLA ROSSA;115;23;87;1003
TRINITA' D'AGULTU E VIGNOLA;OLBIA-TEMPIO;Sardegna;LA MARINEDDA;5;10;86;1004
TRINITA' D'AGULTU E VIGNOLA;OLBIA-TEMPIO;Sardegna;LU COLBU;66;206;76;1005
TRINITA' D'AGULTU E VIGNOLA;OLBIA-TEMPIO;Sardegna;NARAGONI;21;16;61;2003
TRINITA' D'AGULTU E VIGNOLA;OLBIA-TEMPIO;Sardegna;NIGOLAEDDU;26;326;100;2004
TRINITA' D'AGULTU E VIGNOLA;OLBIA-TEMPIO;Sardegna;PADULEDDA;131;210;92;1006
TRINITA' D'AGULTU E VIGNOLA;OLBIA-TEMPIO;Sardegna;PISCHINAZZA;15;141;91;2005
TRINITA' D'AGULTU E VIGNOLA;OLBIA-TEMPIO;Sardegna;TAMBURU;34;160;62;2006
TRINITA' D'AGULTU E VIGNOLA;OLBIA-TEMPIO;Sardegna;TINNARI;3;214;82;2007
TRINITA' D'AGULTU E VIGNOLA;OLBIA-TEMPIO;Sardegna;TRINITA' D'AGULTU;1334;365;97;1007
TRINITA' D'AGULTU E VIGNOLA;OLBIA-TEMPIO;Sardegna;VACCAGGI;24;161;69;2008
ARZANA;OGLIASTRA;Sardegna;ARZANA;2929;672;689;1001
BARI SARDO;OGLIASTRA;Sardegna;BARI SARDO;3592;51;699;1001
BARI SARDO;OGLIASTRA;Sardegna;CEA;3;10;693;1002
BARI SARDO;OGLIASTRA;Sardegna;TORRE DI BARI;63;7;701;2001
BAUNEI;OGLIASTRA;Sardegna;BAUNEI;2652;480;667;1001
BAUNEI;OGLIASTRA;Sardegna;OSULAI;46;75;676;2001
BAUNEI;OGLIASTRA;Sardegna;SANTA MARIA NAVARRESE;1323;9;674;1002
CARDEDU;OGLIASTRA;Sardegna;CARDEDU;1109;40;708;1001
ELINI;OGLIASTRA;Sardegna;ELINI;460;472;691;1001
GAIRO;OGLIASTRA;Sardegna;GAIRO SANT'ELENA;1489;685;698;1001
GAIRO;OGLIASTRA;Sardegna;TAQUISARA;222;760;696;1002
GIRASOLE;OGLIASTRA;Sardegna;GIRASOLE;547;8;684;1001
ILBONO;OGLIASTRA;Sardegna;ILBONO;2330;400;732;1001
JERZU;OGLIASTRA;Sardegna;JERZU;3471;427;709;1001
LANUSEI;OGLIASTRA;Sardegna;LANUSEI;6083;595;733;1001
LOCERI;OGLIASTRA;Sardegna;LOCERI;1421;190;695;1001
LOTZORAI;OGLIASTRA;Sardegna;LOTZORAI;1786;11;679;1001
LOTZORAI;OGLIASTRA;Sardegna;TANCAU SUL MARE;137;9;678;1002
OSINI;OGLIASTRA;Sardegna;OSINI;1123;645;702;1001
PERDASDEFOGU;OGLIASTRA;Sardegna;PERDASDEFOGU;2522;599;726;1001
SEUI;OGLIASTRA;Sardegna;SEUI;1784;820;700;1001
TALANA;OGLIASTRA;Sardegna;TALANA;1204;682;665;1001
TERTENIA;OGLIASTRA;Sardegna;BARISONI;0;4;728;2001
TERTENIA;OGLIASTRA;Sardegna;DISPENSA;8;8;722;2002
TERTENIA;OGLIASTRA;Sardegna;FOXI MURDEGU;3;4;727;2003
TERTENIA;OGLIASTRA;Sardegna;IS ERRIOLUS;53;108;724;2004
TERTENIA;OGLIASTRA;Sardegna;TERTENIA;3506;121;718;1001
TERTENIA;OGLIASTRA;Sardegna;ZINNIBIRI MANNU;5;12;725;2005
TORTOLI';OGLIASTRA;Sardegna;ARBATAX;1861;10;687;1001
TORTOLI';OGLIASTRA;Sardegna;TORTOLI';6744;13;688;1002
TRIEI;OGLIASTRA;Sardegna;ARDALI;90;51;673;1001
TRIEI;OGLIASTRA;Sardegna;TRIEI;1086;140;666;1002
ULASSAI;OGLIASTRA;Sardegna;ULASSAI;1728;775;704;1001
URZULEI;OGLIASTRA;Sardegna;SILANA;9;1025;656;2001
URZULEI;OGLIASTRA;Sardegna;URZULEI;1504;511;662;1001
USSASSAI;OGLIASTRA;Sardegna;USSASSAI;871;710;705;1001
VILLAGRANDE STRISAILI;OGLIASTRA;Sardegna;PRIMO SALTO DEL FLUMENDOSA;8;832;685;2001
VILLAGRANDE STRISAILI;OGLIASTRA;Sardegna;VILLAGRANDE STRISAILI;3000;700;681;1001
VILLAGRANDE STRISAILI;OGLIASTRA;Sardegna;VILLANOVA STRISAILI;718;845;680;1002
ARBUS;MEDIO CAPIDANO;Sardegna;ARBUS;7258;311;785;1001
ARBUS;MEDIO CAPIDANO;Sardegna;BAU;15;143;793;2001
ARBUS;MEDIO CAPIDANO;Sardegna;FUNTANAZZA;1;25;760;2002
ARBUS;MEDIO CAPIDANO;Sardegna;INGURTOSU;19;250;787;1002
ARBUS;MEDIO CAPIDANO;Sardegna;MARINA DI GUTTURU FLUMINI;2;22;762;1003
ARBUS;MEDIO CAPIDANO;Sardegna;PISTIS;0;5;741;1004
ARBUS;MEDIO CAPIDANO;Sardegna;PITZINURRI;21;360;790;2003
ARBUS;MEDIO CAPIDANO;Sardegna;PORTO PALMA;7;12;748;1005
ARBUS;MEDIO CAPIDANO;Sardegna;PORTU MAGA;0;20;766;2004
ARBUS;MEDIO CAPIDANO;Sardegna;SANT'ANTONIO DI SANTADI;95;6;738;1006
ARBUS;MEDIO CAPIDANO;Sardegna;SA'TANCA;23;340;777;1007
ARBUS;MEDIO CAPIDANO;Sardegna;TORRE DI FLUMENTORGIU;9;46;745;1008
BARUMINI;MEDIO CAPIDANO;Sardegna;BARUMINI;1423;202;740;1001
BARUMINI;MEDIO CAPIDANO;Sardegna;SURDELLI;35;278;744;2001
COLLINAS;MEDIO CAPIDANO;Sardegna;COLLINAS;1076;249;753;1001
FURTEI;MEDIO CAPIDANO;Sardegna;FURTEI;1729;90;774;1001
FURTEI;MEDIO CAPIDANO;Sardegna;VIA MARMILLA;40;98;771;2001
GENURI;MEDIO CAPIDANO;Sardegna;GENURI;444;230;734;1001
GESTURI;MEDIO CAPIDANO;Sardegna;GESTURI;1438;310;735;1001
GONNOSFANADIGA;MEDIO CAPIDANO;Sardegna;GONNOSFANADIGA;7179;180;792;1001
GUSPINI;MEDIO CAPIDANO;Sardegna;GUSPINI;12858;130;780;1001
GUSPINI;MEDIO CAPIDANO;Sardegna;MONTEVECCHIO;261;355;776;1002
GUSPINI;MEDIO CAPIDANO;Sardegna;SA ZEPPARA;29;33;756;2001
LAS PLASSAS;MEDIO CAPIDANO;Sardegna;LAS PLASSAS;291;148;746;1001
LAS PLASSAS;MEDIO CAPIDANO;Sardegna;PAULI ARRUIS;25;160;743;2001
LUNAMATRONA;MEDIO CAPIDANO;Sardegna;LUNAMATRONA;1896;180;751;1001
PABILLONIS;MEDIO CAPIDANO;Sardegna;PABILLONIS;2981;40;763;1001
PAULI ARBAREI;MEDIO CAPIDANO;Sardegna;PAULI ARBAREI;692;136;749;1001
SAMASSI;MEDIO CAPIDANO;Sardegna;SAMASSI;5401;56;799;1001
SAN GAVINO MONREALE;MEDIO CAPIDANO;Sardegna;SAN GAVINO MONREALE;9834;54;778;1001
SANLURI;MEDIO CAPIDANO;Sardegna;SANLURI;7912;135;769;1001
SANLURI;MEDIO CAPIDANO;Sardegna;SAN MICHELE;19;69;798;2001
SANLURI;MEDIO CAPIDANO;Sardegna;STROVINA;120;60;786;1002
SARDARA;MEDIO CAPIDANO;Sardegna;SARDARA;4448;155;758;1001
SEGARIU;MEDIO CAPIDANO;Sardegna;SEGARIU;1320;117;770;1001
SERRAMANNA;MEDIO CAPIDANO;Sardegna;COMPAGNIA EVARISTIANI;7;31;817;2001
SERRAMANNA;MEDIO CAPIDANO;Sardegna;SAN MICHELE;3;63;806;2002
SERRAMANNA;MEDIO CAPIDANO;Sardegna;SERRAMANNA;9705;30;814;1001
SERRENTI;MEDIO CAPIDANO;Sardegna;CASE GENNA;8;130;791;2001
SERRENTI;MEDIO CAPIDANO;Sardegna;SERRENTI;5195;114;795;1001
SETZU;MEDIO CAPIDANO;Sardegna;SETZU;184;206;736;1001
SIDDI;MEDIO CAPIDANO;Sardegna;SIDDI;869;184;747;1001
TUILI;MEDIO CAPIDANO;Sardegna;TUILI;1263;208;737;1001
TURRI;MEDIO CAPIDANO;Sardegna;TURRI;572;164;739;1001
USSARAMANNA;MEDIO CAPIDANO;Sardegna;USSARAMANNA;656;158;742;1001
VILLACIDRO;MEDIO CAPIDANO;Sardegna;VILLACIDRO;14264;267;803;1001
VILLAMAR;MEDIO CAPIDANO;Sardegna;SA STALLADA;30;111;754;2001
VILLAMAR;MEDIO CAPIDANO;Sardegna;VILLAMAR;3092;108;757;1001
VILLANOVAFORRU;MEDIO CAPIDANO;Sardegna;VILLANOVAFORRU;733;310;755;1001
VILLANOVAFRANCA;MEDIO CAPIDANO;Sardegna;VILLANOVAFRANCA;1621;300;752;1001
BUGGERRU;CARBONIA IGLESIAS;Sardegna;BUGGERRU;1181;51;818;1001
CALASETTA;CARBONIA IGLESIAS;Sardegna;CALASETTA;2468;9;1027;1001
CALASETTA;CARBONIA IGLESIAS;Sardegna;CUSSORGIA;41;7;1041;2001
CARBONIA;CARBONIA IGLESIAS;Sardegna;ACQUAS CALLENTIS;119;76;939;1001
CARBONIA;CARBONIA IGLESIAS;Sardegna;BACU ABIS;2039;85;913;1002
CARBONIA;CARBONIA IGLESIAS;Sardegna;BARBUSI;511;119;938;1003
CARBONIA;CARBONIA IGLESIAS;Sardegna;BAREGA;112;159;901;2001
CARBONIA;CARBONIA IGLESIAS;Sardegna;CAPUT ACQUAS;56;74;935;2002
CARBONIA;CARBONIA IGLESIAS;Sardegna;CARBONIA;25512;111;950;1004
CARBONIA;CARBONIA IGLESIAS;Sardegna;CORONGIU;21;180;916;1005
CARBONIA;CARBONIA IGLESIAS;Sardegna;CORTOGHIANA;2619;93;934;1006
CARBONIA;CARBONIA IGLESIAS;Sardegna;CUCCURRU SUERGIU;16;150;928;2003
CARBONIA;CARBONIA IGLESIAS;Sardegna;DOMU BECCIA;71;129;920;2004
CARBONIA;CARBONIA IGLESIAS;Sardegna;FLUMENTEPIDO;207;66;945;1007
CARBONIA;CARBONIA IGLESIAS;Sardegna;FUNTANONA;60;40;1008;2005
CARBONIA;CARBONIA IGLESIAS;Sardegna;GENNA CORRIGA;166;119;930;2006
CARBONIA;CARBONIA IGLESIAS;Sardegna;GENNA GONNESA;44;123;927;2007
CARBONIA;CARBONIA IGLESIAS;Sardegna;MEDAU BRAU;32;108;924;2008
CARBONIA;CARBONIA IGLESIAS;Sardegna;MEDAU DESOGUS;174;72;941;1008
CARBONIA;CARBONIA IGLESIAS;Sardegna;MEDAU IS ARRIUS;68;109;985;2009
CARBONIA;CARBONIA IGLESIAS;Sardegna;MEDAU IS FENUS;18;88;948;2010
CARBONIA;CARBONIA IGLESIAS;Sardegna;MEDAU IS FONNENUS;13;206;974;2011
CARBONIA;CARBONIA IGLESIAS;Sardegna;MEDAU IS PEIS;57;113;984;2012
CARBONIA;CARBONIA IGLESIAS;Sardegna;MEDAU IS SERAFINIS;35;61;942;2013
CARBONIA;CARBONIA IGLESIAS;Sardegna;MEDAU IS TOCCUS;53;113;988;2014
CARBONIA;CARBONIA IGLESIAS;Sardegna;MEDAU PIREDDA;69;144;926;2015
CARBONIA;CARBONIA IGLESIAS;Sardegna;MEDAU RUBIU;19;97;958;2016
CARBONIA;CARBONIA IGLESIAS;Sardegna;MEDAU SU CONTI;21;177;977;2017
CARBONIA;CARBONIA IGLESIAS;Sardegna;MEDAU TANAS;21;105;946;2018
CARBONIA;CARBONIA IGLESIAS;Sardegna;MINIERA CORTOGHIANA;35;127;932;2019
CARBONIA;CARBONIA IGLESIAS;Sardegna;PIOLANAS;10;119;936;2020
CARBONIA;CARBONIA IGLESIAS;Sardegna;SEDDARGIA;62;107;918;2021
CARBONIA;CARBONIA IGLESIAS;Sardegna;SIRAI;178;94;951;1009
CARBONIA;CARBONIA IGLESIAS;Sardegna;SIRRI;44;346;943;1010
DOMUSNOVAS;CARBONIA IGLESIAS;Sardegna;BINGIA MANNA;18;145;850;2001
DOMUSNOVAS;CARBONIA IGLESIAS;Sardegna;DOMUSNOVAS;6806;152;837;1001
DOMUSNOVAS;CARBONIA IGLESIAS;Sardegna;SU PARDU;24;152;842;2002
FLUMINIMAGGIORE;CARBONIA IGLESIAS;Sardegna;FLUMINIMAGGIORE;3170;58;810;1001
FLUMINIMAGGIORE;CARBONIA IGLESIAS;Sardegna;PORTIXEDDU;11;5;811;2001
FLUMINIMAGGIORE;CARBONIA IGLESIAS;Sardegna;SANT'ANGELO;30;559;824;2002
GIBA;CARBONIA IGLESIAS;Sardegna;GIBA;1722;59;1069;1001
GIBA;CARBONIA IGLESIAS;Sardegna;VILLARIOS;512;56;1076;1002
GONNESA;CARBONIA IGLESIAS;Sardegna;GONNESA;4484;42;893;1001
GONNESA;CARBONIA IGLESIAS;Sardegna;NURAXI FIGUS;628;110;922;1002
GONNESA;CARBONIA IGLESIAS;Sardegna;SAN GIOVANNI-NORMAN;99;172;875;1003
GONNESA;CARBONIA IGLESIAS;Sardegna;STAZIONE MONTEPONI;41;17;883;2001
GONNESA;CARBONIA IGLESIAS;Sardegna;TERRAS COLLU;8;85;910;2002
IGLESIAS;CARBONIA IGLESIAS;Sardegna;BINDUA;517;98;866;1001
IGLESIAS;CARBONIA IGLESIAS;Sardegna;CORONGIU;62;180;917;1002
IGLESIAS;CARBONIA IGLESIAS;Sardegna;IGLESIAS;25733;200;838;1003
IGLESIAS;CARBONIA IGLESIAS;Sardegna;MASUA;92;95;835;1004
IGLESIAS;CARBONIA IGLESIAS;Sardegna;MONTE AGRUXIAU;212;150;854;2001
IGLESIAS;CARBONIA IGLESIAS;Sardegna;MONTE FIGU;151;144;855;2002
IGLESIAS;CARBONIA IGLESIAS;Sardegna;NEBIDA;1065;175;840;1005
IGLESIAS;CARBONIA IGLESIAS;Sardegna;SAN BENEDETTO;253;375;828;1006
IGLESIAS;CARBONIA IGLESIAS;Sardegna;TANI';47;197;921;2003
MASAINAS;CARBONIA IGLESIAS;Sardegna;CANNIGONIS;90;8;1084;2001
MASAINAS;CARBONIA IGLESIAS;Sardegna;IS CUCCUS;24;19;1085;2002
MASAINAS;CARBONIA IGLESIAS;Sardegna;IS FIASCUS;118;55;1079;2003
MASAINAS;CARBONIA IGLESIAS;Sardegna;IS LAIS;22;69;1088;2004
MASAINAS;CARBONIA IGLESIAS;Sardegna;IS LOIS;17;45;1089;2005
MASAINAS;CARBONIA IGLESIAS;Sardegna;IS MURRONIS;26;11;1087;2006
MASAINAS;CARBONIA IGLESIAS;Sardegna;IS SOLINAS;85;5;1092;2007
MASAINAS;CARBONIA IGLESIAS;Sardegna;MASAINAS;1057;56;1075;1001
MASAINAS;CARBONIA IGLESIAS;Sardegna;SU PRANU;20;15;1081;2008
MUSEI;CARBONIA IGLESIAS;Sardegna;MUSEI;1291;119;852;1001
NARCAO;CARBONIA IGLESIAS;Sardegna;IS AIOS;63;155;960;2001
NARCAO;CARBONIA IGLESIAS;Sardegna;IS CHERCHIS-IS CANES;112;118;971;2002
NARCAO;CARBONIA IGLESIAS;Sardegna;IS MEDDAS;74;109;995;2003
NARCAO;CARBONIA IGLESIAS;Sardegna;IS SAIS INFERIORE;25;137;966;2004
NARCAO;CARBONIA IGLESIAS;Sardegna;IS SAIS SUPERIORE;17;134;964;2005
NARCAO;CARBONIA IGLESIAS;Sardegna;NARCAO;1861;125;963;1001
NARCAO;CARBONIA IGLESIAS;Sardegna;PESUS;36;105;981;1002
NARCAO;CARBONIA IGLESIAS;Sardegna;RIOMURTAS;721;165;953;1003
NARCAO;CARBONIA IGLESIAS;Sardegna;TERRASEO;493;312;940;1004
NARCAO;CARBONIA IGLESIAS;Sardegna;TERRUBIA;87;160;949;1005
NARCAO;CARBONIA IGLESIAS;Sardegna;TERRUBIA STAZIONE;20;143;956;2006
NUXIS;CARBONIA IGLESIAS;Sardegna;ACQUACADDA;190;181;961;1001
NUXIS;CARBONIA IGLESIAS;Sardegna;CRABI';71;200;970;2001
NUXIS;CARBONIA IGLESIAS;Sardegna;IS PINNAS;47;166;991;2002
NUXIS;CARBONIA IGLESIAS;Sardegna;IS PITTAUS;14;165;1001;2003
NUXIS;CARBONIA IGLESIAS;Sardegna;IS SANTUS;14;167;979;2004
NUXIS;CARBONIA IGLESIAS;Sardegna;NUXIS;1198;190;987;1002
NUXIS;CARBONIA IGLESIAS;Sardegna;S'ACQUA CALLENTI DE BASCIU;86;166;998;2005
NUXIS;CARBONIA IGLESIAS;Sardegna;S'ACQUA CALLENTI DE SUSU;33;177;1000;2006
NUXIS;CARBONIA IGLESIAS;Sardegna;SU PEPPI MEREU;25;195;976;2007
PERDAXIUS;CARBONIA IGLESIAS;Sardegna;IS MANAIS;70;106;969;2001
PERDAXIUS;CARBONIA IGLESIAS;Sardegna;IS PILLONIS;25;118;983;2002
PERDAXIUS;CARBONIA IGLESIAS;Sardegna;IS PISTIS;42;82;989;2003
PERDAXIUS;CARBONIA IGLESIAS;Sardegna;IS PORCUS;31;130;965;2004
PERDAXIUS;CARBONIA IGLESIAS;Sardegna;IS SENIS;21;126;996;2005
PERDAXIUS;CARBONIA IGLESIAS;Sardegna;MITZA IUSTA;68;139;967;2006
PERDAXIUS;CARBONIA IGLESIAS;Sardegna;PERDAXIUS;736;98;975;1001
PERDAXIUS;CARBONIA IGLESIAS;Sardegna;PESUS;61;114;978;1002
PERDAXIUS;CARBONIA IGLESIAS;Sardegna;SAN LEONARDO;32;80;993;2007
PERDAXIUS;CARBONIA IGLESIAS;Sardegna;TANCA MANNA;51;104;972;2008
PISCINAS;CARBONIA IGLESIAS;Sardegna;PISCINAS;983;66;1067;1001
PORTOSCUSO;CARBONIA IGLESIAS;Sardegna;BRUNCUTEULA;39;21;980;2001
PORTOSCUSO;CARBONIA IGLESIAS;Sardegna;NURAXI ATZORI;45;34;957;2002
PORTOSCUSO;CARBONIA IGLESIAS;Sardegna;PARINGIANU;679;16;959;1001
PORTOSCUSO;CARBONIA IGLESIAS;Sardegna;PORTOSCUSO;5055;6;929;1002
SAN GIOVANNI SUERGIU;CARBONIA IGLESIAS;Sardegna;AZIENDA AGRARIA INPS;86;8;1052;2001
SAN GIOVANNI SUERGIU;CARBONIA IGLESIAS;Sardegna;BRUNCUTEULA;42;21;982;2002
SAN GIOVANNI SUERGIU;CARBONIA IGLESIAS;Sardegna;CAMPU FRASSOI;21;31;1012;2003
SAN GIOVANNI SUERGIU;CARBONIA IGLESIAS;Sardegna;IS ACHENZAS;19;6;1066;2004
SAN GIOVANNI SUERGIU;CARBONIA IGLESIAS;Sardegna;IS COLLUS;30;5;1050;2005
SAN GIOVANNI SUERGIU;CARBONIA IGLESIAS;Sardegna;IS CORDEDDAS;77;5;1047;2006
SAN GIOVANNI SUERGIU;CARBONIA IGLESIAS;Sardegna;IS GANNAUS;29;25;1031;2007
SAN GIOVANNI SUERGIU;CARBONIA IGLESIAS;Sardegna;IS IMPERAS;66;10;1043;2008
SAN GIOVANNI SUERGIU;CARBONIA IGLESIAS;Sardegna;IS LOCCIS;163;20;1015;2009
SAN GIOVANNI SUERGIU;CARBONIA IGLESIAS;Sardegna;IS LOCCIS DIANA;27;14;1030;2010
SAN GIOVANNI SUERGIU;CARBONIA IGLESIAS;Sardegna;IS MASSAIUS;39;25;1020;2011
SAN GIOVANNI SUERGIU;CARBONIA IGLESIAS;Sardegna;IS MELONIS;18;8;1042;2012
SAN GIOVANNI SUERGIU;CARBONIA IGLESIAS;Sardegna;IS PES;41;21;1013;2013
SAN GIOVANNI SUERGIU;CARBONIA IGLESIAS;Sardegna;IS PISTIS;26;7;1064;2014
SAN GIOVANNI SUERGIU;CARBONIA IGLESIAS;Sardegna;IS PITZUS;75;4;1037;2015
SAN GIOVANNI SUERGIU;CARBONIA IGLESIAS;Sardegna;IS PUESCEDDUS;68;38;1010;2016
SAN GIOVANNI SUERGIU;CARBONIA IGLESIAS;Sardegna;IS SCARTEDDUS;58;20;1029;2017
SAN GIOVANNI SUERGIU;CARBONIA IGLESIAS;Sardegna;IS URIGUS;553;33;1003;1001
SAN GIOVANNI SUERGIU;CARBONIA IGLESIAS;Sardegna;LUXIA COLLU;50;7;1046;2018
SAN GIOVANNI SUERGIU;CARBONIA IGLESIAS;Sardegna;MATZACCARA;577;6;1005;1002
SAN GIOVANNI SUERGIU;CARBONIA IGLESIAS;Sardegna;PISCINI';20;12;1039;2019
SAN GIOVANNI SUERGIU;CARBONIA IGLESIAS;Sardegna;SA CARABIA;20;20;1034;2020
SAN GIOVANNI SUERGIU;CARBONIA IGLESIAS;Sardegna;SAN GIOVANNI SUERGIU;3431;16;1021;1003
SAN GIOVANNI SUERGIU;CARBONIA IGLESIAS;Sardegna;SANTA CATERINA;19;2;1055;2021
SAN GIOVANNI SUERGIU;CARBONIA IGLESIAS;Sardegna;VILLAGGIO PALMAS;383;9;1056;1004
SANTADI;CARBONIA IGLESIAS;Sardegna;BARRANCU MANNU;136;160;1053;2001
SANTADI;CARBONIA IGLESIAS;Sardegna;BARRUA SUSU;46;132;1070;2002
SANTADI;CARBONIA IGLESIAS;Sardegna;CASE DEL FRATE;42;113;1059;2003
SANTADI;CARBONIA IGLESIAS;Sardegna;CRABI';30;129;1071;2004
SANTADI;CARBONIA IGLESIAS;Sardegna;IS CANIS;37;200;1060;2005
SANTADI;CARBONIA IGLESIAS;Sardegna;IS COLLUS;162;96;1049;2006
SANTADI;CARBONIA IGLESIAS;Sardegna;IS COSAS;24;166;1051;2007
SANTADI;CARBONIA IGLESIAS;Sardegna;IS LANGIUS;26;169;1057;2008
SANTADI;CARBONIA IGLESIAS;Sardegna;IS LOIS DE BASCIU;52;158;1033;2009
SANTADI;CARBONIA IGLESIAS;Sardegna;IS PINNAS;77;117;1024;2010
SANTADI;CARBONIA IGLESIAS;Sardegna;IS PIRODDIS;48;144;1026;2011
SANTADI;CARBONIA IGLESIAS;Sardegna;IS PIROSUS;48;191;1019;2012
SANTADI;CARBONIA IGLESIAS;Sardegna;IS PISANUS;27;102;1028;2013
SANTADI;CARBONIA IGLESIAS;Sardegna;IS SABAS;69;143;1023;2014
SANTADI;CARBONIA IGLESIAS;Sardegna;IS SCANUS;12;144;1018;2015
SANTADI;CARBONIA IGLESIAS;Sardegna;IS SCATTAS;68;132;1083;2016
SANTADI;CARBONIA IGLESIAS;Sardegna;IS SINZUS;74;145;1061;2017
SANTADI;CARBONIA IGLESIAS;Sardegna;IS VACCAS;22;125;1063;2018
SANTADI;CARBONIA IGLESIAS;Sardegna;IS XIANAS;11;200;1016;2019
SANTADI;CARBONIA IGLESIAS;Sardegna;MORIMENTA DE BASCIU;22;151;1058;2020
SANTADI;CARBONIA IGLESIAS;Sardegna;MORIMENTA DE SOSU;26;165;1062;2021
SANTADI;CARBONIA IGLESIAS;Sardegna;SANTADI;2378;135;1048;1001
SANTADI;CARBONIA IGLESIAS;Sardegna;TERRESOLI;451;127;1054;1002
SANT'ANNA ARRESI;CARBONIA IGLESIAS;Sardegna;IS CINUS;67;34;1111;2001
SANT'ANNA ARRESI;CARBONIA IGLESIAS;Sardegna;IS FADDAS;33;20;1103;2002
SANT'ANNA ARRESI;CARBONIA IGLESIAS;Sardegna;IS PALAS (CASE LINDRI);61;86;1107;2003
SANT'ANNA ARRESI;CARBONIA IGLESIAS;Sardegna;IS PEIS;51;14;1106;2004
SANT'ANNA ARRESI;CARBONIA IGLESIAS;Sardegna;IS PILLONIS;129;9;1114;2005
SANT'ANNA ARRESI;CARBONIA IGLESIAS;Sardegna;IS POTETTUS;21;6;1109;2006
SANT'ANNA ARRESI;CARBONIA IGLESIAS;Sardegna;IS SPIGAS;141;26;1112;2007
SANT'ANNA ARRESI;CARBONIA IGLESIAS;Sardegna;IS UCCHEDDUS;35;27;1100;2008
SANT'ANNA ARRESI;CARBONIA IGLESIAS;Sardegna;PANIESU;50;50;1095;2009
SANT'ANNA ARRESI;CARBONIA IGLESIAS;Sardegna;PORTOPINETTO;0;10;1115;2010
SANT'ANNA ARRESI;CARBONIA IGLESIAS;Sardegna;PORTO PINO;55;5;1118;1001
SANT'ANNA ARRESI;CARBONIA IGLESIAS;Sardegna;SANT'ANNA ARRESI;1630;77;1096;1002
SANT'ANNA ARRESI;CARBONIA IGLESIAS;Sardegna;SU CAMBUSCIU;25;4;1110;2011
SANT'ANTIOCO;CARBONIA IGLESIAS;Sardegna;IS LODDIS;52;2;1065;2001
SANT'ANTIOCO;CARBONIA IGLESIAS;Sardegna;IS PRUINIS;18;0;1090;2002
SANT'ANTIOCO;CARBONIA IGLESIAS;Sardegna;MALADROSCIA;34;2;1104;2003
SANT'ANTIOCO;CARBONIA IGLESIAS;Sardegna;MERCURI;0;50;1097;2004
SANT'ANTIOCO;CARBONIA IGLESIAS;Sardegna;PEONIA ROSA;0;0;1119;2005
SANT'ANTIOCO;CARBONIA IGLESIAS;Sardegna;SANT'ANTIOCO;12154;7;1068;1001
SANT'ANTIOCO;CARBONIA IGLESIAS;Sardegna;VILLAGGIO POLIFEMO;0;43;1101;2006
TRATALIAS;CARBONIA IGLESIAS;Sardegna;MEDAU IS LAIS;16;42;1017;2001
TRATALIAS;CARBONIA IGLESIAS;Sardegna;MEDAU TRACASI;48;55;1014;2002
TRATALIAS;CARBONIA IGLESIAS;Sardegna;TRATALIAS;975;30;1040;1001
TRATALIAS;CARBONIA IGLESIAS;Sardegna;TRATALIAS VECCHIA;49;30;1045;2003
VILLAMASSARGIA;CARBONIA IGLESIAS;Sardegna;FERROVIE DELLO STATO;44;112;864;2001
VILLAMASSARGIA;CARBONIA IGLESIAS;Sardegna;VILLAMASSARGIA;3417;121;881;1001
VILLAPERUCCIO;CARBONIA IGLESIAS;Sardegna;IS GRAZIAS;31;78;1025;2001
VILLAPERUCCIO;CARBONIA IGLESIAS;Sardegna;IS PIREDDAS;52;88;1038;2002
VILLAPERUCCIO;CARBONIA IGLESIAS;Sardegna;MATTA S'OLIA;48;90;1032;2003
VILLAPERUCCIO;CARBONIA IGLESIAS;Sardegna;TERRAZZU;44;64;1044;2004
VILLAPERUCCIO;CARBONIA IGLESIAS;Sardegna;VILLAPERUCCIO;934;68;1022;1001
